Player,Squad,Age,Pos,Nation,Season_End_Year,Comp,Born,Mins_Per_90_Playing,GA_Goals,PKA_Goals,FK_Goals,CK_Goals,OG_Goals,PSxG_Expected,PSxG_per_SoT_Expected,PSxG._per__minus__Expected,X_per_90_Expected,Cmp_Launched,Att_Launched,Cmp_percent_Launched,Att..GK._Passes,Thr_Passes,Launch_percent_Passes,AvgLen_Passes,Att_Goal,Launch_percent_Goal,AvgLen_Goal,Opp_Crosses,Stp_Crosses,Stp_percent_Crosses,X.OPA_Sweeper,X.OPA_per_90_Sweeper,AvgDist_Sweeper,GA,GA90,SoTA,Saves,Save_percent,W,D,L,CS,CS_percent,PKatt_Penalty,PKA_Penalty,PKsv_Penalty,PKm_Penalty,Save_percent_Penalty,Weekly_Wages_Pounds,Annual_Wages_Pounds,Career_Injuries_Duration,Career_Games_Missed
Jesús Owono,Alavés,22.0,GK,EQG,2024,La Liga,2001.0,4.0,8.0,0.0,0.0,1.0,0.0,6.4,0.27,-1.6,-0.4,36.0,77.0,46.8,88.0,9.0,54.5,41.7,31.0,93.5,66.8,29.0,4.0,13.8,8.0,2.0,15.2,8.0,2.0,24.0,16.0,66.7,1.0,2.0,1.0,1.0,25.0,0.0,0.0,0.0,0.0,,2482.0,129089.0,,
Antonio Sivera,Alavés,26.0,GK,ESP,2024,La Liga,1996.0,34.0,38.0,8.0,0.0,3.0,2.0,38.4,0.25,2.4,0.07,279.0,701.0,39.8,807.0,116.0,62.3,44.6,295.0,67.1,47.8,501.0,25.0,5.0,29.0,0.85,13.1,38.0,1.12,123.0,87.0,75.6,11.0,8.0,15.0,10.0,29.4,8.0,8.0,0.0,0.0,0.0,14564.0,757325.0,73.0,5.0
Fernando,Almería,33.0,GK,ESP,2024,La Liga,1990.0,4.0,10.0,0.0,0.0,1.0,0.0,8.5,0.37,-1.5,-0.36,22.0,67.0,32.8,133.0,28.0,39.8,35.6,26.0,53.8,44.0,72.0,4.0,5.6,7.0,1.75,14.5,10.0,2.5,23.0,13.0,56.5,1.0,1.0,2.0,0.0,0.0,0.0,0.0,0.0,0.0,,7282.0,378662.0,596.0,90.0
Diego Mariño,Almería,33.0,GK,ESP,2024,La Liga,1990.0,1.0,2.0,2.0,0.0,0.0,0.0,2.1,0.02,0.1,0.05,1.0,5.0,20.0,25.0,6.0,20.0,24.1,2.0,0.0,16.5,6.0,0.0,0.0,2.0,2.0,22.7,2.0,2.0,4.0,2.0,100.0,0.0,0.0,1.0,0.0,0.0,2.0,2.0,0.0,0.0,0.0,4634.0,240967.0,87.0,17.0
Luís Maximiano,Almería,24.0,GK,POR,2024,La Liga,1999.0,33.0,63.0,4.0,0.0,7.0,0.0,59.7,0.32,-3.3,-0.1,158.0,543.0,29.1,995.0,146.0,38.4,35.5,264.0,61.0,46.3,551.0,25.0,4.5,38.0,1.15,14.5,63.0,1.91,175.0,111.0,66.3,2.0,11.0,20.0,6.0,18.2,7.0,4.0,1.0,2.0,20.0,34424.0,1790041.0,66.0,10.0
Aaron Ramsdale,Arsenal,25.0,GK,ENG,2024,Premier League,1998.0,6.0,5.0,0.0,0.0,1.0,0.0,3.7,0.26,-1.3,-0.22,19.0,69.0,27.5,169.0,30.0,34.9,33.3,19.0,52.6,41.4,46.0,8.0,17.4,9.0,1.5,14.6,5.0,0.83,14.0,9.0,64.3,5.0,1.0,0.0,2.0,33.3,0.0,0.0,0.0,0.0,,120000.0,6240000.0,11.0,1.0
David Raya,Arsenal,27.0,GK,ESP,2024,Premier League,1995.0,32.0,24.0,2.0,1.0,5.0,1.0,20.4,0.26,-2.6,-0.08,138.0,372.0,37.1,969.0,159.0,32.2,30.7,96.0,62.5,47.5,329.0,40.0,12.2,50.0,1.56,17.9,24.0,0.75,69.0,45.0,68.1,23.0,4.0,5.0,16.0,50.0,3.0,2.0,1.0,0.0,33.3,85000.0,4420000.0,408.0,76.0
Emiliano Martínez,Aston Villa,30.0,GK,ARG,2024,Premier League,1992.0,33.5,48.0,1.0,0.0,10.0,4.0,50.8,0.37,6.8,0.2,121.0,332.0,36.4,1270.0,157.0,21.0,27.7,159.0,40.9,36.1,373.0,45.0,12.1,69.0,2.06,17.5,48.0,1.43,139.0,95.0,66.2,19.0,8.0,7.0,8.0,23.5,1.0,1.0,0.0,0.0,0.0,120000.0,6240000.0,9.0,1.0
Robin Olsen,Aston Villa,33.0,GK,SWE,2024,Premier League,1990.0,4.5,13.0,0.0,1.0,0.0,0.0,11.1,0.3,-1.9,-0.43,15.0,48.0,31.3,176.0,19.0,20.5,27.1,27.0,44.4,35.9,46.0,6.0,13.0,1.0,0.22,8.4,13.0,2.89,34.0,20.0,61.8,1.0,0.0,3.0,0.0,0.0,1.0,0.0,1.0,0.0,100.0,50000.0,2600000.0,89.0,18.0
Marco Carnesecchi,Atalanta,23.0,GK,ITA,2024,Serie A,2000.0,26.9,30.0,4.0,0.0,2.0,0.0,29.3,0.22,-0.7,-0.03,121.0,338.0,35.8,680.0,142.0,30.6,33.8,193.0,67.4,51.7,332.0,20.0,6.0,39.0,1.45,14.7,30.0,1.11,107.0,75.0,75.7,15.0,5.0,7.0,8.0,29.6,7.0,4.0,2.0,1.0,33.3,3144.0,163513.0,426.0,96.0
Juan Musso,Atalanta,29.0,GK,ARG,2024,Serie A,1994.0,11.0,12.0,2.0,0.0,2.0,1.0,9.8,0.23,-1.2,-0.11,40.0,120.0,33.3,299.0,70.0,24.4,29.6,70.0,67.1,48.6,110.0,10.0,9.1,16.0,1.45,16.7,12.0,1.09,34.0,23.0,70.6,6.0,1.0,4.0,6.0,54.5,2.0,2.0,0.0,0.0,0.0,48988.0,2547365.0,110.0,13.0
Francesco Rossi,Atalanta,32.0,GK,ITA,2024,Serie A,1991.0,0.1,0.0,0.0,0.0,0.0,0.0,0.8,0.75,0.8,13.52,0.0,1.0,0.0,1.0,1.0,0.0,14.0,1.0,100.0,67.0,2.0,0.0,0.0,0.0,0.0,,0.0,0.0,1.0,1.0,100.0,0.0,0.0,0.0,1.0,,0.0,0.0,0.0,0.0,,3144.0,163513.0,42.0,8.0
Julen Agirrezabala,Athletic Club,22.0,GK,ESP,2024,La Liga,2000.0,2.6,4.0,0.0,0.0,0.0,0.0,2.4,0.2,-1.6,-0.61,18.0,49.0,36.7,78.0,20.0,35.9,32.4,22.0,95.5,64.5,41.0,2.0,4.9,3.0,1.13,15.3,4.0,1.51,12.0,8.0,66.7,1.0,0.0,1.0,2.0,100.0,0.0,0.0,0.0,0.0,,6951.0,361451.0,139.0,19.0
Unai Simón,Athletic Club,26.0,GK,ESP,2024,La Liga,1997.0,35.4,33.0,1.0,0.0,2.0,4.0,38.0,0.28,9.0,0.26,220.0,679.0,32.4,982.0,144.0,48.5,38.7,240.0,84.6,60.9,450.0,31.0,6.9,46.0,1.3,16.3,33.0,0.93,122.0,90.0,73.8,18.0,11.0,7.0,16.0,44.4,5.0,1.0,3.0,1.0,75.0,70834.0,3683353.0,99.0,13.0
Jan Oblak,Atlético Madrid,30.0,GK,SVN,2024,La Liga,1993.0,38.0,43.0,1.0,0.0,3.0,0.0,39.8,0.28,-3.2,-0.08,114.0,336.0,33.9,740.0,180.0,27.6,31.5,283.0,46.6,38.7,579.0,36.0,6.2,22.0,0.58,11.8,43.0,1.13,144.0,101.0,70.8,24.0,4.0,10.0,13.0,34.2,2.0,1.0,0.0,1.0,0.0,344735.0,17926224.0,179.0,30.0
Finn Dahmen,Augsburg,25.0,GK,GER,2024,Bundesliga,1998.0,31.0,52.0,7.0,0.0,10.0,2.0,49.3,0.26,-0.7,-0.02,169.0,450.0,37.6,1151.0,92.0,30.8,32.4,187.0,51.3,44.3,484.0,28.0,5.8,50.0,1.61,15.0,52.0,1.68,158.0,106.0,71.5,10.0,9.0,12.0,3.0,9.7,10.0,7.0,2.0,1.0,22.2,13902.0,722901.0,,
Tomáš Koubek,Augsburg,30.0,GK,CZE,2024,Bundesliga,1992.0,3.0,8.0,0.0,0.0,2.0,0.0,6.7,0.29,-1.3,-0.43,16.0,40.0,40.0,74.0,6.0,36.5,34.5,24.0,54.2,46.5,36.0,2.0,5.6,2.0,0.67,11.6,8.0,2.67,25.0,17.0,68.0,0.0,0.0,3.0,0.0,0.0,0.0,0.0,0.0,0.0,,16550.0,860596.0,,
Iñaki Peña,Barcelona,24.0,GK,ESP,2024,La Liga,1999.0,10.0,17.0,0.0,0.0,0.0,0.0,13.9,0.36,-3.1,-0.31,21.0,49.0,42.9,249.0,46.0,13.3,23.7,48.0,33.3,35.5,116.0,2.0,1.7,5.0,0.5,10.6,17.0,1.7,39.0,22.0,56.4,6.0,2.0,2.0,2.0,20.0,0.0,0.0,0.0,0.0,,53787.0,2796938.0,,
Marc-André ter Stegen,Barcelona,31.0,GK,GER,2024,La Liga,1992.0,28.0,27.0,2.0,0.0,1.0,0.0,27.7,0.25,0.7,0.03,92.0,167.0,55.1,871.0,115.0,14.4,26.3,163.0,25.8,30.9,334.0,13.0,3.9,31.0,1.11,15.6,27.0,0.96,102.0,75.0,75.5,20.0,5.0,3.0,15.0,53.6,2.0,2.0,0.0,0.0,0.0,104265.0,5421758.0,466.0,97.0
Manuel Neuer,Bayern Munich,37.0,GK,GER,2024,Bundesliga,1986.0,22.8,33.0,2.0,1.0,1.0,0.0,29.1,0.29,-3.9,-0.17,73.0,159.0,45.9,779.0,110.0,18.6,27.7,97.0,14.4,26.0,231.0,9.0,3.9,32.0,1.4,17.5,33.0,1.45,93.0,59.0,66.7,16.0,1.0,6.0,6.0,26.1,3.0,2.0,1.0,0.0,33.3,347549.0,18072525.0,1175.0,236.0
Daniel Peretz,Bayern Munich,23.0,GK,ISR,2024,Bundesliga,2000.0,0.2,0.0,0.0,0.0,0.0,0.0,0.0,,0.0,0.0,0.0,4.0,0.0,15.0,3.0,26.7,33.1,2.0,0.0,16.5,2.0,0.0,0.0,0.0,0.0,,0.0,0.0,0.0,0.0,,0.0,0.0,0.0,1.0,,0.0,0.0,0.0,0.0,,24825.0,1290895.0,14.0,2.0
Sven Ulreich,Bayern Munich,34.0,GK,GER,2024,Bundesliga,1988.0,11.0,12.0,1.0,1.0,2.0,0.0,11.8,0.35,-0.2,-0.01,26.0,79.0,32.9,348.0,57.0,20.4,26.2,47.0,17.0,26.4,108.0,5.0,4.6,16.0,1.45,19.9,12.0,1.09,31.0,19.0,64.5,7.0,2.0,2.0,4.0,36.4,1.0,1.0,0.0,0.0,0.0,33100.0,1721193.0,244.0,52.0
Claudio Bravo,Betis,40.0,GK,CHI,2024,La Liga,1983.0,7.0,5.0,0.0,0.0,0.0,1.0,5.5,0.27,1.5,0.21,38.0,80.0,47.5,169.0,30.0,30.2,30.6,60.0,48.3,40.1,101.0,4.0,4.0,6.0,0.86,12.6,5.0,0.71,20.0,16.0,75.0,3.0,4.0,0.0,2.0,28.6,0.0,0.0,0.0,0.0,,19860.0,1032716.0,998.0,230.0
Rui Silva,Betis,29.0,GK,POR,2024,La Liga,1994.0,27.5,36.0,7.0,2.0,3.0,2.0,37.5,0.26,3.5,0.13,129.0,380.0,33.9,772.0,119.0,36.0,33.5,183.0,55.7,43.0,375.0,31.0,8.3,34.0,1.24,14.9,36.0,1.31,120.0,85.0,75.8,10.0,9.0,9.0,9.0,32.1,8.0,7.0,1.0,0.0,12.5,14895.0,774537.0,11.0,3.0
Andreas Luthe,Bochum,36.0,GK,GER,2024,Bundesliga,1987.0,1.0,4.0,0.0,0.0,0.0,1.0,2.7,0.68,-0.3,-0.3,20.0,43.0,46.5,42.0,2.0,85.7,51.3,7.0,100.0,61.1,13.0,0.0,0.0,0.0,0.0,7.7,4.0,4.0,4.0,1.0,0.0,0.0,0.0,1.0,0.0,0.0,0.0,0.0,0.0,0.0,,4965.0,258179.0,180.0,27.0
Manuel Riemann,Bochum,34.0,GK,GER,2024,Bundesliga,1988.0,33.0,70.0,9.0,0.0,9.0,3.0,59.6,0.27,-7.4,-0.22,430.0,1041.0,41.3,1498.0,89.0,61.0,42.5,208.0,61.1,46.9,510.0,35.0,6.9,104.0,3.15,19.8,70.0,2.12,185.0,116.0,67.0,7.0,12.0,14.0,4.0,12.1,11.0,9.0,2.0,0.0,18.2,13902.0,722901.0,374.0,30.0
Nicola Bagnolini,Bologna,19.0,GK,ITA,2024,Serie A,2004.0,0.1,0.0,0.0,0.0,0.0,0.0,0.0,0.02,0.0,0.36,1.0,2.0,50.0,1.0,0.0,100.0,47.0,2.0,50.0,53.0,0.0,0.0,,0.0,0.0,,0.0,0.0,1.0,1.0,100.0,0.0,0.0,0.0,0.0,,0.0,0.0,0.0,0.0,,2813.0,146301.0,184.0,40.0
Federico Ravaglia,Bologna,23.0,GK,ITA,2024,Serie A,1999.0,5.9,3.0,0.0,1.0,0.0,0.0,5.5,0.25,2.5,0.43,14.0,49.0,28.6,172.0,23.0,18.0,25.4,34.0,52.9,41.0,73.0,1.0,1.4,4.0,0.67,17.1,3.0,0.5,18.0,13.0,83.3,4.0,1.0,1.0,4.0,66.7,1.0,0.0,1.0,0.0,100.0,2813.0,146301.0,20.0,3.0
Łukasz Skorupski,Bologna,32.0,GK,POL,2024,Serie A,1991.0,32.0,29.0,3.0,1.0,3.0,1.0,26.6,0.23,-1.4,-0.05,103.0,297.0,34.7,829.0,136.0,26.3,29.6,188.0,42.0,38.7,432.0,12.0,2.8,15.0,0.47,12.2,29.0,0.91,106.0,77.0,75.5,14.0,13.0,5.0,13.0,40.6,6.0,3.0,1.0,2.0,25.0,27638.0,1437196.0,215.0,36.0
Neto,Bournemouth,34.0,GK,BRA,2024,Premier League,1989.0,32.0,55.0,5.0,1.0,3.0,1.0,55.2,0.31,1.2,0.04,172.0,494.0,34.8,833.0,154.0,44.1,36.9,223.0,57.0,44.2,413.0,26.0,6.3,34.0,1.06,13.7,55.0,1.72,165.0,110.0,69.7,10.0,9.0,13.0,7.0,21.9,6.0,5.0,1.0,0.0,16.7,50000.0,2600000.0,263.0,33.0
Ionuț Radu,Bournemouth,26.0,GK,ROU,2024,Premier League,1997.0,2.0,7.0,0.0,0.0,3.0,0.0,2.9,0.27,-4.1,-2.04,5.0,15.0,33.3,57.0,10.0,19.3,26.9,11.0,36.4,29.2,19.0,2.0,10.5,0.0,0.0,9.6,7.0,3.5,11.0,4.0,36.4,1.0,0.0,1.0,0.0,0.0,0.0,0.0,0.0,0.0,,30000.0,1560000.0,,
Mark Travers,Bournemouth,24.0,GK,IRL,2024,Premier League,1999.0,4.0,5.0,1.0,0.0,0.0,0.0,5.0,0.23,0.0,0.01,22.0,72.0,30.6,92.0,13.0,55.4,41.7,26.0,80.8,55.6,60.0,3.0,5.0,3.0,0.75,14.8,5.0,1.25,18.0,13.0,77.8,2.0,0.0,2.0,2.0,50.0,1.0,1.0,0.0,0.0,0.0,20000.0,1040000.0,,
Mark Flekken,Brentford,30.0,GK,NED,2024,Premier League,1993.0,36.5,63.0,2.0,0.0,6.0,0.0,55.4,0.31,-7.6,-0.21,242.0,647.0,37.4,1288.0,131.0,36.6,34.5,289.0,60.9,46.7,568.0,44.0,7.7,37.0,1.01,12.6,63.0,1.73,176.0,113.0,65.3,10.0,9.0,18.0,7.0,18.9,2.0,2.0,0.0,0.0,0.0,30000.0,1560000.0,1516.0,256.0
Thomas Strakosha,Brentford,28.0,GK,ALB,2024,Premier League,1995.0,1.5,2.0,0.0,0.0,0.0,0.0,1.5,0.2,-0.5,-0.3,12.0,30.0,40.0,56.0,5.0,41.1,35.8,15.0,46.7,39.9,37.0,2.0,5.4,1.0,0.67,10.0,2.0,1.33,8.0,6.0,75.0,0.0,0.0,1.0,0.0,0.0,0.0,0.0,0.0,0.0,,25000.0,1300000.0,392.0,87.0
Marco Bizot,Brest,32.0,GK,NED,2024,Ligue 1,1991.0,32.0,34.0,2.0,0.0,4.0,0.0,36.2,0.27,2.2,0.07,232.0,482.0,48.1,908.0,134.0,39.3,35.1,188.0,66.5,47.3,382.0,18.0,4.7,41.0,1.28,15.7,34.0,1.06,129.0,94.0,75.2,15.0,10.0,7.0,13.0,40.6,3.0,2.0,1.0,0.0,33.3,15060.0,783143.0,170.0,40.0
Grégoire Coudert,Brest,24.0,GK,FRA,2024,Ligue 1,1999.0,2.0,0.0,0.0,0.0,0.0,0.0,0.3,0.07,0.3,0.13,12.0,36.0,33.3,70.0,10.0,41.4,37.2,10.0,70.0,55.4,24.0,0.0,0.0,2.0,0.99,23.0,0.0,0.0,4.0,4.0,100.0,2.0,0.0,0.0,2.0,100.0,0.0,0.0,0.0,0.0,,2979.0,154907.0,,
Jason Steele,Brighton,32.0,GK,ENG,2024,Premier League,1990.0,17.0,34.0,3.0,1.0,5.0,2.0,25.7,0.32,-6.3,-0.37,47.0,132.0,35.6,617.0,69.0,20.1,26.6,54.0,14.8,18.8,173.0,7.0,4.0,41.0,2.41,20.6,34.0,2.0,74.0,42.0,58.1,5.0,4.0,8.0,2.0,11.8,3.0,3.0,0.0,0.0,0.0,20000.0,1040000.0,172.0,29.0
Bart Verbruggen,Brighton,20.0,GK,NED,2024,Premier League,2002.0,21.0,28.0,3.0,0.0,3.0,0.0,25.4,0.25,-2.6,-0.12,55.0,142.0,38.7,789.0,117.0,17.1,24.4,72.0,9.7,15.7,232.0,17.0,7.3,31.0,1.48,15.8,28.0,1.33,91.0,63.0,72.5,7.0,8.0,6.0,4.0,19.0,3.0,3.0,0.0,0.0,0.0,35000.0,1820000.0,2.0,2.0
Arijanet Muric,Burnley,24.0,GK,KVX,2024,Premier League,1998.0,10.0,16.0,1.0,0.0,1.0,1.0,21.7,0.26,6.7,0.67,77.0,219.0,35.2,547.0,54.0,36.4,34.3,33.0,60.6,45.1,143.0,20.0,14.0,31.0,3.1,17.2,16.0,1.6,78.0,62.0,80.8,2.0,4.0,4.0,0.0,0.0,2.0,1.0,1.0,0.0,50.0,25000.0,1300000.0,26.0,8.0
James Trafford,Burnley,20.0,GK,ENG,2024,Premier League,2002.0,28.0,62.0,5.0,0.0,10.0,2.0,54.1,0.3,-5.9,-0.21,138.0,606.0,22.8,1332.0,162.0,33.9,31.3,198.0,78.3,54.2,419.0,30.0,7.2,43.0,1.54,15.0,62.0,2.21,166.0,106.0,65.7,3.0,5.0,20.0,2.0,7.1,5.0,5.0,0.0,0.0,0.0,25000.0,1300000.0,,
Simone Aresti,Cagliari,37.0,GK,ITA,2024,Serie A,1986.0,0.0,1.0,1.0,0.0,0.0,0.0,1.0,0.0,0.0,-1.21,0.0,1.0,0.0,1.0,0.0,100.0,64.0,0.0,,,3.0,0.0,0.0,0.0,0.0,,1.0,90.0,1.0,0.0,100.0,0.0,0.0,0.0,0.0,,1.0,1.0,0.0,0.0,0.0,4634.0,240967.0,19.0,5.0
Boris Radunović,Cagliari,27.0,GK,SRB,2024,Serie A,1996.0,7.0,12.0,0.0,0.0,1.0,1.0,10.1,0.38,-0.9,-0.13,41.0,91.0,45.1,156.0,31.0,35.9,37.0,66.0,53.0,43.8,98.0,6.0,6.1,4.0,0.57,11.2,12.0,1.71,27.0,16.0,55.6,0.0,2.0,5.0,2.0,28.6,1.0,0.0,0.0,1.0,,14398.0,748719.0,232.0,29.0
Simone Scuffet,Cagliari,27.0,GK,ITA,2024,Serie A,1996.0,31.0,55.0,3.0,3.0,9.0,2.0,45.1,0.33,-7.9,-0.25,161.0,452.0,35.6,684.0,106.0,43.3,37.1,243.0,64.2,46.9,482.0,22.0,4.6,20.0,0.65,12.1,55.0,1.77,129.0,76.0,59.7,8.0,10.0,13.0,3.0,9.7,3.0,3.0,0.0,0.0,0.0,6289.0,327027.0,66.0,16.0
Vicente Guaita,Celta Vigo,36.0,GK,ESP,2024,La Liga,1987.0,26.7,39.0,4.0,0.0,5.0,2.0,39.7,0.31,2.7,0.1,137.0,356.0,38.5,589.0,134.0,39.4,35.5,213.0,58.2,45.3,420.0,23.0,5.5,27.0,1.01,13.3,39.0,1.46,120.0,83.0,70.8,8.0,7.0,11.0,6.0,23.1,5.0,4.0,0.0,1.0,0.0,39720.0,2065431.0,182.0,34.0
Iván Villar,Celta Vigo,26.0,GK,ESP,2024,La Liga,1997.0,11.3,18.0,2.0,0.0,2.0,1.0,16.3,0.31,-0.7,-0.07,39.0,138.0,28.3,223.0,48.0,35.4,34.4,98.0,60.2,45.7,136.0,5.0,3.7,9.0,0.8,13.2,18.0,1.6,44.0,26.0,63.6,2.0,4.0,6.0,0.0,0.0,3.0,2.0,1.0,0.0,33.3,5296.0,275391.0,70.0,11.0
Đorđe Petrović,Chelsea,23.0,GK,SRB,2024,Premier League,1999.0,22.1,38.0,1.0,0.0,5.0,3.0,28.3,0.26,-6.7,-0.3,67.0,214.0,31.3,655.0,97.0,22.1,27.8,149.0,46.3,37.8,312.0,20.0,6.4,20.0,0.91,12.7,38.0,1.72,108.0,73.0,65.7,13.0,5.0,4.0,5.0,22.7,2.0,1.0,0.0,1.0,0.0,25000.0,1300000.0,,
Robert Sánchez,Chelsea,25.0,GK,ESP,2024,Premier League,1997.0,15.9,25.0,2.0,0.0,3.0,0.0,24.2,0.28,-0.8,-0.05,61.0,147.0,41.5,516.0,87.0,21.3,28.1,91.0,40.7,33.7,202.0,19.0,9.4,27.0,1.7,15.8,25.0,1.57,78.0,52.0,70.5,5.0,4.0,7.0,3.0,18.8,3.0,2.0,1.0,0.0,33.3,60000.0,3120000.0,32.0,10.0
Mory Diaw,Clermont Foot,30.0,GK,SEN,2024,Ligue 1,1993.0,30.0,54.0,6.0,0.0,5.0,1.0,57.1,0.28,4.1,0.14,206.0,558.0,36.9,1065.0,129.0,42.8,36.7,176.0,58.0,44.5,439.0,39.0,8.9,46.0,1.53,14.4,54.0,1.8,188.0,134.0,74.5,4.0,8.0,18.0,5.0,16.7,8.0,6.0,1.0,1.0,14.3,10261.0,533570.0,34.0,5.0
Massamba Ndiaye,Clermont Foot,21.0,GK,SEN,2024,Ligue 1,2001.0,4.0,6.0,1.0,0.0,1.0,0.0,7.8,0.29,1.8,0.45,20.0,55.0,36.4,148.0,28.0,29.7,30.9,24.0,45.8,35.1,75.0,7.0,9.3,3.0,0.75,10.1,6.0,1.5,24.0,18.0,79.2,1.0,2.0,1.0,0.0,0.0,1.0,1.0,0.0,0.0,0.0,2152.0,111878.0,,
Dean Henderson,Crystal Palace,26.0,GK,ENG,2024,Premier League,1997.0,18.0,30.0,1.0,0.0,3.0,1.0,27.4,0.31,-1.6,-0.09,59.0,245.0,24.1,377.0,52.0,46.7,38.6,105.0,65.7,47.0,246.0,5.0,2.0,17.0,0.94,13.8,30.0,1.67,86.0,57.0,66.3,8.0,4.0,6.0,4.0,22.2,1.0,1.0,0.0,0.0,0.0,100000.0,5200000.0,788.0,26.0
Sam Johnstone,Crystal Palace,30.0,GK,ENG,2024,Premier League,1993.0,20.0,27.0,2.0,0.0,4.0,1.0,20.0,0.27,-6.0,-0.3,117.0,355.0,33.0,453.0,63.0,55.0,41.2,141.0,75.2,52.8,339.0,24.0,7.1,12.0,0.6,11.2,27.0,1.35,67.0,41.0,62.7,5.0,6.0,9.0,6.0,30.0,2.0,2.0,0.0,0.0,0.0,40000.0,2080000.0,74.0,38.0
Remi Matthews,Crystal Palace,29.0,GK,ENG,2024,Premier League,1994.0,0.0,1.0,0.0,0.0,0.0,0.0,0.1,0.15,-0.9,-19.2,0.0,5.0,0.0,4.0,0.0,100.0,53.8,1.0,100.0,63.0,1.0,1.0,100.0,0.0,0.0,3.5,1.0,22.5,1.0,0.0,0.0,0.0,0.0,0.0,0.0,,0.0,0.0,0.0,0.0,,5385.0,280000.0,94.0,15.0
David Gil,Cádiz,29.0,GK,ESP,2024,La Liga,1994.0,4.1,8.0,0.0,0.0,0.0,1.0,5.3,0.26,-1.7,-0.4,51.0,125.0,40.8,104.0,8.0,76.9,49.3,48.0,93.8,63.5,91.0,7.0,7.7,0.0,0.0,7.0,8.0,1.94,24.0,17.0,66.7,0.0,3.0,1.0,1.0,25.0,0.0,0.0,0.0,0.0,,5461.0,283997.0,,
Jeremías Ledesma,Cádiz,30.0,GK,ARG,2024,La Liga,1993.0,33.9,47.0,2.0,0.0,6.0,0.0,46.4,0.3,-0.6,-0.02,313.0,785.0,39.9,897.0,115.0,60.4,44.0,284.0,85.6,62.1,526.0,53.0,10.1,45.0,1.33,12.9,47.0,1.39,151.0,104.0,70.2,6.0,12.0,16.0,9.0,26.5,2.0,2.0,0.0,0.0,0.0,16550.0,860596.0,,
Alexander Brunst,Darmstadt 98,28.0,GK,GER,2024,Bundesliga,1995.0,3.0,10.0,0.0,0.0,2.0,0.0,6.3,0.37,-3.7,-1.25,33.0,72.0,45.8,129.0,13.0,41.1,36.0,21.0,90.5,59.6,51.0,3.0,5.9,9.0,3.0,19.1,10.0,3.33,17.0,7.0,41.2,0.0,1.0,2.0,0.0,0.0,0.0,0.0,0.0,0.0,,3972.0,206543.0,77.0,10.0
Marcel Schuhen,Darmstadt 98,30.0,GK,GER,2024,Bundesliga,1993.0,31.0,76.0,1.0,2.0,7.0,2.0,68.0,0.34,-6.0,-0.19,245.0,618.0,39.6,1204.0,182.0,36.3,34.8,289.0,62.6,48.5,453.0,24.0,5.3,51.0,1.65,16.5,76.0,2.45,198.0,123.0,62.1,3.0,7.0,21.0,3.0,9.7,2.0,1.0,1.0,0.0,50.0,12412.0,645447.0,188.0,22.0
Gregor Kobel,Dortmund,25.0,GK,SUI,2024,Bundesliga,1997.0,26.3,34.0,5.0,0.0,9.0,1.0,36.8,0.28,3.8,0.14,106.0,268.0,39.6,1006.0,106.0,19.6,28.1,165.0,43.0,38.5,359.0,7.0,1.9,17.0,0.65,12.5,34.0,1.29,118.0,84.0,75.4,14.0,8.0,5.0,7.0,25.9,6.0,5.0,1.0,0.0,16.7,148949.0,7745368.0,142.0,31.0
Alexander Meyer,Dortmund,32.0,GK,GER,2024,Bundesliga,1991.0,7.7,9.0,0.0,0.0,0.0,1.0,7.8,0.3,-0.2,-0.03,27.0,81.0,33.3,334.0,29.0,20.1,28.3,31.0,45.2,42.1,107.0,8.0,7.5,7.0,0.91,14.5,9.0,1.17,27.0,19.0,66.7,4.0,1.0,2.0,3.0,42.9,0.0,0.0,0.0,0.0,,9433.0,490540.0,841.0,97.0
Jens Grahl,Eint Frankfurt,34.0,GK,GER,2024,Bundesliga,1988.0,2.0,2.0,0.0,0.0,0.0,0.0,1.4,0.15,-0.6,-0.31,4.0,29.0,13.8,77.0,15.0,31.2,34.4,15.0,33.3,37.9,33.0,4.0,12.1,4.0,2.0,15.7,2.0,1.0,9.0,7.0,77.8,1.0,1.0,0.0,0.0,0.0,0.0,0.0,0.0,0.0,,5792.0,301209.0,443.0,45.0
Kevin Trapp,Eint Frankfurt,33.0,GK,GER,2024,Bundesliga,1990.0,32.0,48.0,9.0,0.0,4.0,0.0,48.3,0.28,0.3,0.01,102.0,361.0,28.3,949.0,137.0,28.9,29.8,212.0,41.0,36.2,452.0,16.0,3.5,30.0,0.94,15.2,48.0,1.5,137.0,87.0,71.5,10.0,13.0,9.0,7.0,21.9,11.0,9.0,2.0,0.0,18.2,57925.0,3012088.0,533.0,97.0
Etrit Berisha,Empoli,34.0,GK,ALB,2024,Serie A,1989.0,14.0,25.0,2.0,0.0,5.0,1.0,20.7,0.24,-3.3,-0.24,44.0,184.0,23.9,400.0,75.0,34.8,33.0,90.0,50.0,40.8,236.0,11.0,4.7,10.0,0.71,12.4,25.0,1.79,74.0,49.0,68.9,3.0,3.0,8.0,4.0,28.6,3.0,2.0,1.0,0.0,33.3,12247.0,636841.0,209.0,33.0
Elia Caprile,Empoli,21.0,GK,ITA,2024,Serie A,2001.0,23.0,27.0,4.0,0.0,5.0,0.0,27.6,0.22,0.6,0.02,117.0,350.0,33.4,657.0,137.0,40.3,36.8,159.0,53.5,45.1,391.0,31.0,7.9,20.0,0.87,13.3,27.0,1.17,106.0,78.0,78.3,6.0,6.0,11.0,5.0,21.7,5.0,4.0,1.0,0.0,20.0,10592.0,550782.0,,
Samuele Perisan,Empoli,25.0,GK,ITA,2024,Serie A,1997.0,1.0,2.0,0.0,0.0,0.0,0.0,0.7,0.14,-1.3,-1.32,1.0,8.0,12.5,22.0,8.0,27.3,26.3,12.0,16.7,29.6,18.0,0.0,0.0,1.0,1.0,21.0,2.0,2.0,5.0,3.0,60.0,0.0,0.0,1.0,0.0,0.0,0.0,0.0,0.0,0.0,,5461.0,283997.0,,
Jordan Pickford,Everton,29.0,GK,ENG,2024,Premier League,1994.0,38.0,51.0,8.0,0.0,9.0,3.0,52.4,0.28,4.4,0.12,360.0,901.0,40.0,1297.0,141.0,56.7,41.6,273.0,60.8,48.3,570.0,30.0,5.3,54.0,1.42,15.9,51.0,1.34,165.0,117.0,73.9,13.0,9.0,16.0,13.0,34.2,8.0,8.0,0.0,0.0,0.0,125000.0,6500000.0,148.0,37.0
Oliver Christensen,Fiorentina,24.0,GK,DEN,2024,Serie A,1999.0,4.0,9.0,2.0,0.0,0.0,0.0,4.7,0.15,-4.3,-1.08,23.0,61.0,37.7,170.0,15.0,31.8,31.0,20.0,35.0,33.7,32.0,1.0,3.1,9.0,2.25,19.5,9.0,2.25,19.0,10.0,63.2,1.0,1.0,2.0,0.0,0.0,2.0,2.0,0.0,0.0,0.0,10592.0,550782.0,71.0,13.0
Tommaso Martinelli,Fiorentina,17.0,GK,ITA,2024,Serie A,2006.0,1.0,2.0,0.0,,,,,,,,,,,,,,,,,,,,,,,,2.0,2.0,3.0,1.0,33.3,1.0,0.0,0.0,0.0,0.0,0.0,0.0,0.0,0.0,,7613.0,395874.0,,
Pietro Terracciano,Fiorentina,33.0,GK,ITA,2024,Serie A,1990.0,33.0,35.0,6.0,3.0,5.0,0.0,40.2,0.27,5.2,0.16,164.0,382.0,42.9,1051.0,120.0,29.0,32.1,176.0,43.8,38.2,307.0,7.0,2.3,23.0,0.7,14.6,35.0,1.06,126.0,90.0,77.0,15.0,8.0,10.0,8.0,24.2,7.0,6.0,1.0,0.0,14.3,24494.0,1273683.0,264.0,48.0
Noah Atubolu,Freiburg,21.0,GK,GER,2024,Bundesliga,2002.0,34.0,58.0,3.0,1.0,5.0,1.0,50.0,0.3,-7.0,-0.21,193.0,568.0,34.0,1148.0,160.0,35.4,34.2,241.0,67.2,50.7,485.0,31.0,6.4,30.0,0.88,13.6,58.0,1.71,158.0,99.0,65.2,11.0,9.0,14.0,10.0,29.4,5.0,3.0,2.0,0.0,40.0,1986.0,103272.0,17.0,5.0
Michele Cerofolini,Frosinone,24.0,GK,ITA,2024,Serie A,1999.0,7.5,11.0,0.0,0.0,1.0,1.0,5.9,0.22,-4.1,-0.55,18.0,100.0,18.0,171.0,28.0,47.4,37.2,38.0,50.0,42.8,126.0,4.0,3.2,7.0,0.93,14.3,11.0,1.47,28.0,18.0,60.7,2.0,2.0,3.0,3.0,42.9,1.0,0.0,0.0,1.0,,9764.0,507752.0,471.0,76.0
Stefano Turati,Frosinone,21.0,GK,ITA,2024,Serie A,2001.0,30.5,58.0,5.0,0.0,10.0,1.0,47.5,0.28,-9.5,-0.31,72.0,316.0,22.8,919.0,147.0,27.3,29.2,144.0,45.1,38.8,412.0,18.0,4.4,19.0,0.62,13.7,58.0,1.9,152.0,94.0,65.1,6.0,9.0,16.0,4.0,12.9,7.0,5.0,1.0,1.0,16.7,14067.0,731507.0,13.0,3.0
Bernd Leno,Fulham,31.0,GK,GER,2024,Premier League,1992.0,38.0,61.0,8.0,2.0,3.0,4.0,55.7,0.26,-1.3,-0.03,144.0,439.0,32.8,1372.0,167.0,23.7,28.5,201.0,56.7,44.7,472.0,19.0,4.0,40.0,1.05,14.2,61.0,1.61,190.0,133.0,72.1,13.0,8.0,17.0,10.0,26.3,8.0,8.0,0.0,0.0,0.0,130000.0,6760000.0,126.0,26.0
Nicola Leali,Genoa,30.0,GK,ITA,2024,Serie A,1993.0,2.0,2.0,0.0,0.0,0.0,0.0,2.8,0.31,0.8,0.4,18.0,48.0,37.5,62.0,3.0,69.4,44.7,10.0,50.0,40.6,27.0,2.0,7.4,1.0,0.51,15.2,2.0,1.02,9.0,7.0,77.8,1.0,0.0,1.0,0.0,0.0,0.0,0.0,0.0,0.0,,7613.0,395874.0,105.0,16.0
Josep Martinez,Genoa,25.0,GK,ESP,2024,Serie A,1998.0,36.0,43.0,3.0,1.0,4.0,1.0,38.9,0.28,-3.1,-0.09,227.0,583.0,38.9,1253.0,107.0,37.4,35.9,171.0,66.7,49.4,580.0,45.0,7.8,40.0,1.11,12.2,43.0,1.19,130.0,87.0,69.2,11.0,13.0,12.0,8.0,22.2,4.0,3.0,1.0,0.0,25.0,10592.0,550782.0,120.0,3.0
Daniele Sommariva,Genoa,26.0,GK,ITA,2024,Serie A,1997.0,0.1,0.0,0.0,0.0,0.0,0.0,0.0,,0.0,0.0,0.0,3.0,0.0,2.0,0.0,100.0,54.5,1.0,100.0,76.0,2.0,1.0,50.0,0.0,0.0,15.0,0.0,0.0,0.0,0.0,,0.0,0.0,0.0,1.0,,0.0,0.0,0.0,0.0,,4303.0,223755.0,,
Daniel Fuzato,Getafe,26.0,GK,BRA,2024,La Liga,1997.0,0.1,2.0,0.0,0.0,1.0,0.0,1.3,0.63,-0.7,-9.63,2.0,7.0,28.6,6.0,1.0,50.0,39.2,4.0,100.0,71.8,5.0,1.0,20.0,0.0,0.0,10.7,2.0,25.71,2.0,0.0,0.0,0.0,0.0,0.0,0.0,,0.0,0.0,0.0,0.0,,9930.0,516358.0,9.0,2.0
David Soria,Getafe,30.0,GK,ESP,2024,La Liga,1993.0,37.9,52.0,5.0,0.0,6.0,0.0,53.9,0.29,1.9,0.05,339.0,908.0,37.3,979.0,123.0,66.2,45.8,310.0,83.9,57.3,458.0,17.0,3.7,62.0,1.63,17.3,52.0,1.37,171.0,118.0,72.5,10.0,13.0,15.0,10.0,26.3,7.0,5.0,1.0,1.0,16.7,24990.0,1299501.0,129.0,20.0
Paulo Gazzaniga,Girona,31.0,GK,ARG,2024,La Liga,1992.0,38.0,46.0,5.0,0.0,8.0,0.0,51.1,0.28,5.1,0.13,155.0,420.0,36.9,1140.0,178.0,25.6,30.0,246.0,52.0,44.8,534.0,41.0,7.7,33.0,0.87,13.2,46.0,1.21,168.0,121.0,75.6,25.0,6.0,7.0,12.0,31.6,7.0,5.0,1.0,1.0,16.7,14233.0,740113.0,38.0,4.0
Moritz Nicolas,Gladbach,25.0,GK,GER,2024,Bundesliga,1997.0,27.0,49.0,4.0,0.0,6.0,0.0,45.1,0.26,-3.9,-0.14,112.0,315.0,35.6,888.0,140.0,26.0,29.7,161.0,52.2,42.5,460.0,21.0,4.6,22.0,0.81,13.2,49.0,1.81,160.0,111.0,71.9,6.0,11.0,10.0,4.0,14.8,4.0,4.0,0.0,0.0,0.0,1986.0,103272.0,307.0,57.0
Jonas Omlin,Gladbach,29.0,GK,SUI,2024,Bundesliga,1994.0,7.0,18.0,2.0,0.0,1.0,0.0,13.3,0.24,-4.7,-0.67,32.0,90.0,35.6,242.0,37.0,30.2,32.3,34.0,50.0,41.8,78.0,7.0,9.0,12.0,1.71,15.3,18.0,2.57,47.0,29.0,66.0,1.0,2.0,4.0,0.0,0.0,2.0,2.0,0.0,0.0,0.0,49650.0,2581789.0,419.0,65.0
Augusto Batalla,Granada,27.0,GK,ARG,2024,La Liga,1996.0,17.0,28.0,0.0,0.0,6.0,0.0,22.6,0.27,-5.4,-0.32,127.0,354.0,35.9,566.0,78.0,45.8,39.4,122.0,77.9,55.9,275.0,23.0,8.4,18.0,1.06,14.2,28.0,1.65,86.0,58.0,67.4,3.0,4.0,10.0,3.0,17.6,0.0,0.0,0.0,0.0,,12909.0,671265.0,14.0,3.0
Raúl Fernández,Granada,35.0,GK,ESP,2024,La Liga,1988.0,3.1,11.0,0.0,0.0,1.0,1.0,7.8,0.46,-2.2,-0.71,14.0,47.0,29.8,88.0,10.0,37.5,35.7,17.0,82.4,62.1,36.0,4.0,11.1,11.0,3.54,17.3,11.0,3.54,17.0,7.0,35.3,1.0,0.0,3.0,0.0,0.0,1.0,0.0,0.0,1.0,,9764.0,507752.0,938.0,120.0
André Ferreira,Granada,27.0,GK,POR,2024,La Liga,1996.0,14.9,29.0,3.0,0.0,2.0,1.0,27.8,0.33,-0.2,-0.01,73.0,186.0,39.2,388.0,88.0,31.4,32.2,110.0,58.2,44.3,195.0,6.0,3.1,13.0,0.87,12.6,29.0,1.95,77.0,49.0,66.2,0.0,5.0,9.0,0.0,0.0,3.0,3.0,0.0,0.0,0.0,1986.0,103272.0,131.0,21.0
Marc Martínez,Granada,33.0,GK,ESP,2024,La Liga,1990.0,3.0,11.0,2.0,0.0,3.0,0.0,12.1,0.46,1.1,0.37,17.0,39.0,43.6,74.0,9.0,33.8,33.3,24.0,58.3,46.3,30.0,0.0,0.0,10.0,3.33,23.0,11.0,3.67,23.0,12.0,60.9,0.0,0.0,3.0,0.0,0.0,2.0,2.0,0.0,0.0,0.0,2317.0,120484.0,,
Kevin Müller,Heidenheim,32.0,GK,GER,2024,Bundesliga,1991.0,34.0,55.0,7.0,0.0,7.0,3.0,53.6,0.27,1.6,0.05,249.0,595.0,41.8,1164.0,167.0,35.2,35.9,316.0,58.5,46.1,495.0,24.0,4.8,17.0,0.5,13.2,55.0,1.62,174.0,121.0,72.4,10.0,12.0,12.0,6.0,17.6,10.0,7.0,1.0,2.0,12.5,18205.0,946656.0,53.0,10.0
Lorenzo Montipò,Hellas Verona,27.0,GK,ITA,2024,Serie A,1996.0,37.0,49.0,2.0,0.0,6.0,1.0,40.7,0.26,-7.3,-0.2,323.0,763.0,42.3,960.0,109.0,54.5,41.1,305.0,78.7,56.4,487.0,22.0,4.5,43.0,1.16,15.3,49.0,1.32,153.0,105.0,69.3,9.0,10.0,18.0,8.0,21.6,2.0,2.0,0.0,0.0,0.0,8275.0,430298.0,16.0,3.0
Simone Perilli,Hellas Verona,28.0,GK,ITA,2024,Serie A,1995.0,1.0,2.0,0.0,0.0,0.0,0.0,2.7,0.29,0.7,0.75,8.0,28.0,28.6,32.0,2.0,75.0,49.5,5.0,80.0,62.0,5.0,0.0,0.0,2.0,2.0,18.0,2.0,2.0,10.0,8.0,80.0,0.0,1.0,0.0,0.0,0.0,0.0,0.0,0.0,0.0,,7613.0,395874.0,26.0,8.0
Oliver Baumann,Hoffenheim,33.0,GK,GER,2024,Bundesliga,1990.0,34.0,66.0,2.0,3.0,9.0,1.0,68.6,0.31,3.6,0.11,208.0,529.0,39.3,1159.0,165.0,33.7,32.7,249.0,55.4,44.9,545.0,31.0,5.7,73.0,2.15,16.7,66.0,1.94,211.0,143.0,69.7,13.0,7.0,14.0,2.0,5.9,5.0,2.0,3.0,0.0,60.0,57925.0,3012088.0,121.0,21.0
Emil Audero,Inter,26.0,GK,ITA,2024,Serie A,1997.0,3.7,3.0,0.0,0.0,0.0,0.0,3.1,0.28,0.1,0.02,6.0,24.0,25.0,177.0,28.0,11.9,24.6,18.0,16.7,27.2,54.0,6.0,11.1,2.0,0.53,10.2,3.0,0.8,11.0,8.0,72.7,2.0,1.0,1.0,2.0,50.0,0.0,0.0,0.0,0.0,,24494.0,1273683.0,136.0,18.0
Raffaele Di Gennaro,Inter,29.0,GK,ITA,2024,Serie A,1993.0,0.3,0.0,0.0,0.0,0.0,0.0,0.5,0.13,0.5,2.08,1.0,2.0,50.0,15.0,3.0,13.3,25.2,1.0,0.0,10.0,4.0,0.0,0.0,0.0,0.0,,0.0,0.0,4.0,4.0,100.0,0.0,0.0,0.0,0.0,,0.0,0.0,0.0,0.0,,4634.0,240967.0,504.0,61.0
Yann Sommer,Inter,34.0,GK,SUI,2024,Serie A,1988.0,34.0,19.0,2.0,0.0,3.0,0.0,25.5,0.23,6.5,0.19,104.0,226.0,46.0,1033.0,120.0,17.4,26.1,201.0,22.9,27.9,395.0,18.0,4.6,14.0,0.41,12.1,19.0,0.56,98.0,78.0,82.7,27.0,6.0,1.0,19.0,55.9,4.0,2.0,1.0,1.0,33.3,53125.0,2762515.0,84.0,22.0
Mattia Perin,Juventus,30.0,GK,ITA,2024,Serie A,1992.0,2.5,1.0,0.0,0.0,0.0,0.0,1.2,0.25,0.2,0.1,5.0,15.0,33.3,54.0,9.0,25.9,29.4,12.0,8.3,19.5,29.0,2.0,6.9,3.0,1.2,16.7,1.0,0.4,5.0,4.0,80.0,2.0,1.0,0.0,1.0,33.3,0.0,0.0,0.0,0.0,,46009.0,2392458.0,734.0,91.0
Carlo Pinsoglio,Juventus,33.0,GK,ITA,2024,Serie A,1990.0,0.5,0.0,0.0,0.0,0.0,0.0,0.5,0.18,0.5,1.06,2.0,5.0,40.0,21.0,1.0,23.8,31.4,0.0,,,17.0,0.0,0.0,0.0,0.0,5.0,0.0,0.0,3.0,3.0,100.0,0.0,0.0,0.0,1.0,,0.0,0.0,0.0,0.0,,9268.0,481934.0,16.0,4.0
Wojciech Szczęsny,Juventus,33.0,GK,POL,2024,Serie A,1990.0,35.0,30.0,2.0,0.0,4.0,2.0,28.3,0.24,0.3,0.01,147.0,340.0,43.2,828.0,134.0,32.0,32.8,174.0,43.1,40.2,555.0,26.0,4.7,20.0,0.57,11.6,30.0,0.86,108.0,79.0,74.1,17.0,13.0,5.0,15.0,42.9,3.0,2.0,1.0,0.0,33.3,199261.0,10361581.0,268.0,55.0
Marvin Schwäbe,Köln,28.0,GK,GER,2024,Bundesliga,1995.0,34.0,60.0,3.0,0.0,10.0,0.0,62.0,0.36,2.0,0.06,135.0,372.0,36.3,1148.0,101.0,28.4,31.4,149.0,30.9,34.3,504.0,14.0,2.8,21.0,0.62,13.4,60.0,1.76,168.0,108.0,66.1,5.0,12.0,17.0,4.0,11.8,3.0,3.0,0.0,0.0,0.0,19860.0,1032716.0,39.0,6.0
Aarón Escandell,Las Palmas,27.0,GK,ESP,2024,La Liga,1995.0,1.7,3.0,0.0,0.0,0.0,0.0,2.5,0.62,-0.5,-0.3,9.0,26.0,34.6,73.0,10.0,27.4,30.4,12.0,50.0,41.3,24.0,1.0,4.2,4.0,2.35,18.0,3.0,1.76,4.0,1.0,25.0,0.0,0.0,1.0,0.0,0.0,0.0,0.0,0.0,0.0,,8275.0,430298.0,14.0,1.0
Álvaro Vallés,Las Palmas,26.0,GK,ESP,2024,La Liga,1997.0,36.3,44.0,5.0,0.0,5.0,3.0,48.7,0.28,7.7,0.21,137.0,447.0,30.6,1762.0,194.0,21.7,27.3,151.0,42.4,39.1,521.0,29.0,5.6,96.0,2.65,17.8,44.0,1.21,152.0,108.0,74.3,10.0,10.0,17.0,8.0,21.6,9.0,5.0,3.0,1.0,37.5,1986.0,103272.0,,
Christos Mandas,Lazio,21.0,GK,GRE,2024,Serie A,2001.0,8.0,6.0,0.0,0.0,2.0,0.0,7.0,0.25,1.0,0.12,38.0,114.0,33.3,240.0,29.0,42.5,37.7,29.0,41.4,37.9,99.0,6.0,6.1,5.0,0.62,13.1,6.0,0.75,29.0,23.0,79.3,6.0,1.0,1.0,4.0,50.0,0.0,0.0,0.0,0.0,,6289.0,327027.0,44.0,5.0
Ivan Provedel,Lazio,29.0,GK,ITA,2024,Serie A,1994.0,30.0,33.0,2.0,0.0,1.0,0.0,31.3,0.24,-1.7,-0.06,101.0,252.0,40.1,841.0,103.0,22.6,30.8,176.0,35.2,37.0,377.0,15.0,4.0,18.0,0.6,13.0,33.0,1.1,119.0,86.0,73.9,12.0,6.0,12.0,9.0,30.0,3.0,2.0,0.0,1.0,0.0,30617.0,1592103.0,154.0,30.0
Arthur Desmas,Le Havre,29.0,GK,FRA,2024,Ligue 1,1994.0,33.0,43.0,1.0,0.0,5.0,2.0,47.0,0.3,6.0,0.18,155.0,454.0,34.1,719.0,135.0,46.9,37.1,222.0,52.7,39.1,470.0,32.0,6.8,24.0,0.73,12.5,43.0,1.3,153.0,111.0,72.5,7.0,11.0,15.0,7.0,21.2,3.0,1.0,1.0,1.0,50.0,4965.0,258179.0,44.0,5.0
Mathieu Gorgelin,Le Havre,32.0,GK,FRA,2024,Ligue 1,1990.0,1.0,2.0,1.0,0.0,0.0,0.0,2.9,0.39,0.9,0.92,3.0,9.0,33.3,17.0,0.0,47.1,33.1,2.0,50.0,32.5,12.0,0.0,0.0,1.0,1.0,14.5,2.0,2.0,5.0,3.0,80.0,0.0,0.0,1.0,0.0,0.0,1.0,1.0,0.0,0.0,0.0,5792.0,301209.0,,
Wladimiro Falcone,Lecce,28.0,GK,ITA,2024,Serie A,1995.0,38.0,54.0,5.0,1.0,7.0,1.0,53.2,0.28,0.2,0.01,152.0,489.0,31.1,893.0,159.0,42.6,34.9,248.0,44.0,35.2,522.0,20.0,3.8,20.0,0.53,11.0,54.0,1.42,173.0,119.0,71.7,8.0,14.0,16.0,7.0,18.4,6.0,5.0,1.0,0.0,16.7,18370.0,955262.0,7.0,1.0
Jean-Louis Leca,Lens,37.0,GK,FRA,2024,Ligue 1,1985.0,1.0,2.0,0.0,0.0,0.0,0.0,1.0,0.49,-1.0,-1.03,1.0,10.0,10.0,22.0,5.0,31.8,29.0,4.0,75.0,60.5,8.0,0.0,0.0,0.0,0.0,9.8,2.0,2.0,2.0,0.0,0.0,0.0,1.0,0.0,0.0,0.0,0.0,0.0,0.0,0.0,,11916.0,619629.0,194.0,26.0
Brice Samba,Lens,29.0,GK,FRA,2024,Ligue 1,1994.0,33.0,35.0,6.0,0.0,6.0,1.0,42.3,0.27,8.3,0.25,163.0,369.0,44.2,948.0,143.0,31.8,31.5,170.0,40.0,33.5,388.0,32.0,8.2,39.0,1.18,14.8,35.0,1.06,136.0,101.0,78.7,14.0,8.0,11.0,14.0,42.4,8.0,6.0,1.0,1.0,14.3,49650.0,2581789.0,,
Lukáš Hrádecký,Leverkusen,33.0,GK,FIN,2024,Bundesliga,1989.0,33.0,24.0,0.0,0.0,4.0,0.0,27.5,0.27,3.5,0.11,71.0,202.0,35.1,736.0,165.0,20.8,27.6,145.0,33.8,34.5,313.0,27.0,8.6,39.0,1.18,16.5,24.0,0.73,102.0,78.0,76.5,28.0,5.0,0.0,15.0,45.5,0.0,0.0,0.0,0.0,,43030.0,2237551.0,,
Matej Kovar,Leverkusen,23.0,GK,CZE,2024,Bundesliga,2000.0,1.0,0.0,0.0,0.0,0.0,0.0,0.4,0.15,0.4,0.44,0.0,0.0,,17.0,6.0,0.0,22.1,0.0,,,3.0,1.0,33.3,1.0,1.0,15.0,0.0,0.0,3.0,3.0,100.0,0.0,1.0,0.0,1.0,100.0,0.0,0.0,0.0,0.0,,12412.0,645447.0,,
Lucas Chevalier,Lille,21.0,GK,FRA,2024,Ligue 1,2001.0,33.0,32.0,3.0,0.0,2.0,2.0,35.7,0.26,5.7,0.17,101.0,344.0,29.4,1059.0,121.0,26.5,29.6,123.0,51.2,44.5,388.0,25.0,6.4,28.0,0.85,12.7,32.0,0.97,123.0,91.0,76.4,16.0,10.0,7.0,15.0,45.5,5.0,3.0,2.0,0.0,40.0,18867.0,981080.0,67.0,12.0
Vito Mannone,Lille,35.0,GK,ITA,2024,Ligue 1,1988.0,1.0,2.0,0.0,0.0,0.0,0.0,1.7,0.35,-0.3,-0.26,5.0,16.0,31.3,37.0,1.0,40.5,35.9,1.0,100.0,61.0,11.0,2.0,18.2,4.0,3.96,15.0,2.0,1.98,5.0,3.0,60.0,0.0,1.0,0.0,0.0,0.0,0.0,0.0,0.0,0.0,,4137.0,215149.0,128.0,18.0
Alisson,Liverpool,30.0,GK,BRA,2024,Premier League,1992.0,28.0,30.0,1.0,0.0,4.0,1.0,28.7,0.26,-0.3,-0.01,60.0,183.0,32.8,1021.0,140.0,14.1,24.7,116.0,33.6,33.3,299.0,13.0,4.3,33.0,1.18,17.7,30.0,1.07,109.0,80.0,73.4,16.0,8.0,4.0,8.0,28.6,1.0,1.0,0.0,0.0,0.0,150000.0,7800000.0,216.0,34.0
Caoimhín Kelleher,Liverpool,24.0,GK,IRL,2024,Premier League,1998.0,10.0,11.0,0.0,0.0,3.0,1.0,11.3,0.3,1.3,0.13,32.0,102.0,31.4,411.0,52.0,22.4,27.3,28.0,35.7,34.9,77.0,5.0,6.5,13.0,1.3,17.0,11.0,1.1,38.0,28.0,71.1,8.0,2.0,0.0,2.0,20.0,0.0,0.0,0.0,0.0,,10000.0,520000.0,220.0,25.0
Yvon Mvogo,Lorient,29.0,GK,SUI,2024,Ligue 1,1994.0,34.0,66.0,8.0,1.0,8.0,1.0,63.1,0.27,-1.9,-0.06,139.0,378.0,36.8,921.0,162.0,29.1,31.4,228.0,48.2,38.8,591.0,24.0,4.1,13.0,0.38,8.9,66.0,1.94,207.0,142.0,72.0,7.0,8.0,19.0,4.0,11.8,8.0,8.0,0.0,0.0,0.0,11916.0,619629.0,373.0,70.0
Thomas Kaminski,Luton Town,30.0,GK,BEL,2024,Premier League,1992.0,37.8,85.0,4.0,0.0,13.0,4.0,77.6,0.34,-3.4,-0.09,271.0,808.0,33.5,1121.0,150.0,52.0,39.5,341.0,66.0,47.5,558.0,16.0,2.9,76.0,2.01,20.5,85.0,2.25,221.0,140.0,63.3,6.0,8.0,24.0,2.0,5.3,4.0,4.0,0.0,0.0,0.0,25000.0,1300000.0,70.0,16.0
James Shea,Luton Town,32.0,GK,ENG,2024,Premier League,1991.0,0.2,0.0,0.0,0.0,0.0,0.0,0.1,0.06,0.1,0.75,3.0,6.0,50.0,6.0,1.0,83.3,50.8,3.0,33.3,37.3,3.0,0.0,0.0,1.0,6.0,19.0,0.0,0.0,2.0,2.0,100.0,0.0,0.0,0.0,0.0,,0.0,0.0,0.0,0.0,,7500.0,390000.0,0.0,1.0
Anthony Lopes,Lyon,32.0,GK,POR,2024,Ligue 1,1990.0,31.0,49.0,4.0,1.0,7.0,1.0,43.5,0.25,-4.5,-0.15,132.0,362.0,36.5,839.0,156.0,34.1,32.4,196.0,38.8,34.1,438.0,36.0,8.2,28.0,0.9,12.4,49.0,1.58,155.0,106.0,71.0,16.0,4.0,11.0,9.0,29.0,6.0,4.0,1.0,1.0,20.0,69510.0,3614505.0,46.0,11.0
Rémy Riou,Lyon,35.0,GK,FRA,2024,Ligue 1,1987.0,3.0,6.0,0.0,1.0,0.0,0.0,4.7,0.33,-1.3,-0.44,5.0,24.0,20.8,81.0,13.0,16.0,26.1,23.0,47.8,39.0,32.0,3.0,9.4,3.0,1.0,13.4,6.0,2.0,14.0,8.0,57.1,0.0,1.0,2.0,1.0,33.3,0.0,0.0,0.0,0.0,,6951.0,361451.0,,
Daniel Batz,Mainz 05,32.0,GK,GER,2024,Bundesliga,1991.0,4.0,3.0,0.0,1.0,0.0,0.0,2.4,0.15,-0.6,-0.15,18.0,58.0,31.0,132.0,14.0,38.6,34.7,21.0,33.3,34.8,38.0,4.0,10.5,2.0,0.5,11.3,3.0,0.75,17.0,14.0,82.4,0.0,2.0,2.0,1.0,25.0,0.0,0.0,0.0,0.0,,3641.0,189331.0,137.0,30.0
Robin Zentner,Mainz 05,28.0,GK,GER,2024,Bundesliga,1994.0,30.0,48.0,3.0,1.0,2.0,1.0,49.2,0.37,2.2,0.07,180.0,512.0,35.2,862.0,146.0,47.3,38.5,177.0,58.8,46.4,393.0,42.0,10.7,48.0,1.6,16.0,48.0,1.6,128.0,81.0,64.8,7.0,12.0,11.0,7.0,23.3,4.0,3.0,0.0,1.0,0.0,24825.0,1290895.0,363.0,43.0
Iván Cuéllar,Mallorca,39.0,GK,ESP,2024,La Liga,1984.0,1.0,1.0,0.0,0.0,0.0,0.0,1.2,0.19,0.2,0.17,1.0,11.0,9.1,32.0,8.0,31.3,33.0,3.0,33.3,35.7,6.0,1.0,16.7,0.0,0.0,7.0,1.0,1.0,6.0,5.0,83.3,1.0,0.0,0.0,0.0,0.0,0.0,0.0,0.0,0.0,,2979.0,154907.0,683.0,106.0
Dominik Greif,Mallorca,26.0,GK,SVK,2024,La Liga,1997.0,1.0,0.0,0.0,0.0,0.0,0.0,0.7,0.16,0.7,0.66,10.0,18.0,55.6,23.0,3.0,52.2,42.0,9.0,66.7,54.2,12.0,0.0,0.0,1.0,1.0,23.0,0.0,0.0,4.0,4.0,100.0,0.0,1.0,0.0,1.0,100.0,0.0,0.0,0.0,0.0,,4965.0,258179.0,66.0,10.0
Predrag Rajković,Mallorca,27.0,GK,SRB,2024,La Liga,1995.0,36.0,43.0,4.0,1.0,4.0,1.0,41.8,0.27,-0.2,-0.01,322.0,795.0,40.5,946.0,117.0,60.9,44.7,300.0,73.0,54.3,502.0,33.0,6.6,28.0,0.78,13.7,43.0,1.19,138.0,95.0,71.7,7.0,15.0,14.0,9.0,25.0,5.0,4.0,1.0,0.0,20.0,13902.0,722901.0,4.0,2.0
Ederson,Manchester City,29.0,GK,BRA,2024,Premier League,1993.0,30.9,27.0,3.0,0.0,2.0,1.0,27.2,0.3,1.2,0.04,114.0,246.0,46.3,1120.0,137.0,18.3,27.2,114.0,36.0,36.3,247.0,25.0,10.1,50.0,1.62,17.3,27.0,0.87,82.0,56.0,70.7,24.0,6.0,3.0,10.0,30.3,3.0,3.0,0.0,0.0,0.0,100000.0,5200000.0,77.0,12.0
Stefan Ortega,Manchester City,30.0,GK,GER,2024,Premier League,1992.0,7.1,7.0,0.0,0.0,1.0,0.0,9.0,0.33,2.0,0.28,28.0,68.0,41.2,247.0,24.0,24.7,27.9,19.0,36.8,34.4,65.0,6.0,9.2,13.0,1.84,16.8,7.0,0.99,27.0,20.0,74.1,4.0,1.0,0.0,3.0,60.0,0.0,0.0,0.0,0.0,,55000.0,2860000.0,122.0,16.0
André Onana,Manchester Utd,27.0,GK,CMR,2024,Premier League,1996.0,38.0,58.0,7.0,1.0,11.0,1.0,59.2,0.27,2.2,0.06,149.0,513.0,29.0,1351.0,140.0,31.0,31.2,162.0,58.0,44.6,601.0,40.0,6.7,37.0,0.97,13.1,58.0,1.53,203.0,146.0,74.9,18.0,6.0,14.0,9.0,23.7,7.0,7.0,0.0,0.0,0.0,120000.0,6240000.0,322.0,38.0
Rubén Blanco,Marseille,28.0,GK,ESP,2024,Ligue 1,1995.0,1.3,2.0,0.0,0.0,0.0,0.0,1.3,0.21,-0.7,-0.55,5.0,12.0,41.7,41.0,6.0,26.8,28.4,10.0,10.0,27.0,24.0,4.0,16.7,1.0,0.74,10.4,2.0,1.49,6.0,4.0,66.7,0.0,0.0,1.0,0.0,0.0,0.0,0.0,0.0,0.0,,41375.0,2151491.0,846.0,108.0
Pau López,Marseille,28.0,GK,ESP,2024,Ligue 1,1994.0,32.7,39.0,3.0,1.0,7.0,1.0,32.6,0.24,-5.4,-0.17,93.0,325.0,28.6,1044.0,113.0,24.8,29.4,149.0,44.3,37.3,406.0,15.0,3.7,25.0,0.77,13.9,39.0,1.19,124.0,86.0,71.0,13.0,11.0,9.0,7.0,21.2,3.0,3.0,0.0,0.0,0.0,63717.0,3313296.0,207.0,12.0
Guillaume Dietsch,Metz,22.0,GK,FRA,2024,Ligue 1,2001.0,0.8,1.0,0.0,0.0,0.0,0.0,0.8,0.31,-0.2,-0.21,6.0,16.0,37.5,19.0,3.0,47.4,36.4,7.0,100.0,63.0,14.0,1.0,7.1,0.0,0.0,3.0,1.0,1.23,3.0,2.0,66.7,0.0,0.0,0.0,0.0,,0.0,0.0,0.0,0.0,,2979.0,154907.0,91.0,11.0
Alexandre Oukidja,Metz,35.0,GK,ALG,2024,Ligue 1,1988.0,33.2,57.0,6.0,1.0,7.0,0.0,52.3,0.26,-4.7,-0.14,209.0,666.0,31.4,708.0,125.0,57.3,42.4,292.0,89.0,59.0,569.0,46.0,8.1,22.0,0.66,10.3,57.0,1.72,185.0,128.0,72.4,8.0,5.0,21.0,6.0,17.6,6.0,6.0,0.0,0.0,0.0,8275.0,430298.0,,
Mike Maignan,Milan,28.0,GK,FRA,2024,Serie A,1995.0,29.0,34.0,7.0,2.0,3.0,0.0,29.8,0.19,-4.2,-0.14,119.0,284.0,41.9,1070.0,188.0,21.1,28.2,147.0,39.5,38.0,339.0,37.0,10.9,36.0,1.24,15.2,34.0,1.17,120.0,86.0,77.5,19.0,5.0,5.0,10.0,34.5,7.0,7.0,0.0,0.0,0.0,59414.0,3089541.0,312.0,65.0
Antonio Mirante,Milan,40.0,GK,ITA,2024,Serie A,1983.0,2.0,3.0,0.0,0.0,1.0,0.0,3.1,0.41,0.1,0.05,5.0,14.0,35.7,46.0,5.0,26.1,29.2,8.0,25.0,29.4,17.0,1.0,5.9,1.0,0.51,11.9,3.0,1.53,8.0,5.0,62.5,0.0,1.0,1.0,0.0,0.0,0.0,0.0,0.0,0.0,,21515.0,1118775.0,532.0,105.0
Lapo Nava,Milan,19.0,GK,ITA,2024,Serie A,2004.0,0.0,1.0,0.0,0.0,0.0,0.0,0.9,0.5,-0.1,-2.83,1.0,1.0,100.0,1.0,0.0,100.0,43.0,0.0,,,0.0,0.0,,0.0,0.0,,1.0,30.0,2.0,1.0,50.0,0.0,0.0,0.0,0.0,,0.0,0.0,0.0,0.0,,2813.0,146301.0,,
Marco Sportiello,Milan,31.0,GK,ITA,2024,Serie A,1992.0,7.0,11.0,1.0,0.0,0.0,1.0,8.9,0.25,-1.1,-0.15,20.0,51.0,39.2,230.0,40.0,20.4,26.9,17.0,23.5,29.1,81.0,5.0,6.2,9.0,1.29,15.4,11.0,1.57,33.0,23.0,69.7,3.0,3.0,1.0,2.0,28.6,1.0,1.0,0.0,0.0,0.0,15391.0,800355.0,48.0,10.0
Philipp Köhn,Monaco,25.0,GK,SUI,2024,Ligue 1,1998.0,22.0,32.0,5.0,1.0,6.0,1.0,32.0,0.27,1.0,0.05,82.0,249.0,32.9,536.0,91.0,32.5,32.1,130.0,57.7,43.5,282.0,22.0,7.8,19.0,0.86,11.3,32.0,1.45,97.0,65.0,72.2,11.0,5.0,6.0,5.0,22.7,6.0,5.0,1.0,0.0,16.7,18205.0,946656.0,307.0,13.0
Radosław Majecki,Monaco,23.0,GK,POL,2024,Ligue 1,1999.0,12.0,10.0,0.0,0.0,0.0,1.0,14.7,0.29,5.7,0.47,39.0,121.0,32.2,296.0,68.0,31.1,32.0,80.0,36.3,33.4,160.0,13.0,8.1,7.0,0.58,11.0,10.0,0.83,54.0,45.0,81.5,9.0,2.0,1.0,7.0,58.3,0.0,0.0,0.0,0.0,,20356.0,1058534.0,155.0,29.0
Dimitry Bertaud,Montpellier,25.0,GK,COD,2024,Ligue 1,1998.0,4.0,11.0,0.0,0.0,1.0,0.0,10.9,0.32,-0.1,-0.02,18.0,61.0,29.5,118.0,26.0,42.4,38.0,23.0,47.8,42.5,56.0,3.0,5.4,0.0,0.0,9.6,11.0,2.75,34.0,23.0,67.6,1.0,1.0,2.0,0.0,0.0,0.0,0.0,0.0,0.0,,1986.0,103272.0,414.0,120.0
Benjamin Lecomte,Montpellier,32.0,GK,FRA,2024,Ligue 1,1991.0,30.0,37.0,4.0,2.0,3.0,3.0,36.8,0.24,2.8,0.09,150.0,436.0,34.4,781.0,137.0,44.2,36.6,221.0,41.2,36.4,471.0,29.0,6.2,13.0,0.43,9.5,37.0,1.23,137.0,102.0,75.9,9.0,11.0,10.0,10.0,33.3,5.0,4.0,1.0,0.0,20.0,30121.0,1566286.0,242.0,41.0
Michele Di Gregorio,Monza,26.0,GK,ITA,2024,Serie A,1997.0,31.9,35.0,3.0,1.0,5.0,0.0,45.4,0.26,10.4,0.33,179.0,430.0,41.6,1126.0,201.0,27.8,30.6,223.0,52.5,44.2,469.0,19.0,4.1,18.0,0.56,11.5,35.0,1.1,159.0,122.0,79.9,11.0,11.0,11.0,12.0,36.4,5.0,3.0,2.0,0.0,40.0,21515.0,1118775.0,,
Alessandro Sorrentino,Monza,21.0,GK,ITA,2024,Serie A,2002.0,6.1,16.0,4.0,0.0,1.0,0.0,14.4,0.34,-1.6,-0.27,18.0,56.0,32.1,151.0,29.0,26.5,30.6,42.0,38.1,36.1,62.0,3.0,4.8,3.0,0.49,16.8,16.0,2.63,32.0,16.0,62.5,0.0,1.0,4.0,0.0,0.0,4.0,4.0,0.0,0.0,0.0,2813.0,146301.0,8.0,2.0
Rémy Descamps,Nantes,27.0,GK,FRA,2024,Ligue 1,1996.0,6.0,11.0,1.0,0.0,0.0,0.0,12.5,0.35,1.5,0.26,51.0,125.0,40.8,141.0,28.0,51.1,40.3,71.0,74.6,49.8,116.0,8.0,6.9,0.0,0.0,7.8,11.0,1.83,37.0,26.0,73.0,2.0,2.0,2.0,1.0,16.7,2.0,1.0,0.0,1.0,0.0,1986.0,103272.0,47.0,6.0
Alban Lafont,Nantes,24.0,GK,FRA,2024,Ligue 1,1999.0,27.7,43.0,8.0,0.0,2.0,0.0,42.4,0.31,-0.6,-0.02,123.0,388.0,31.7,839.0,145.0,34.2,34.0,166.0,60.8,46.9,385.0,33.0,8.6,33.0,1.19,13.0,43.0,1.55,118.0,75.0,70.3,7.0,4.0,17.0,7.0,25.0,8.0,8.0,0.0,0.0,0.0,24825.0,1290895.0,16.0,8.0
Denis Petrić,Nantes,35.0,GK,SRB,2024,Ligue 1,1988.0,0.3,1.0,0.0,0.0,1.0,0.0,0.3,0.28,-0.7,-2.71,1.0,2.0,50.0,7.0,2.0,28.6,30.7,0.0,,,4.0,0.0,0.0,0.0,0.0,,1.0,3.75,1.0,0.0,0.0,0.0,0.0,0.0,0.0,,0.0,0.0,0.0,0.0,,3972.0,206543.0,,
Nikita Contini Baranovsky,Napoli,27.0,GK,ITA,2024,Serie A,1996.0,0.2,0.0,0.0,0.0,0.0,0.0,0.0,,0.0,0.0,0.0,0.0,,3.0,1.0,0.0,17.0,1.0,0.0,15.0,1.0,0.0,0.0,3.0,15.88,37.0,0.0,0.0,0.0,0.0,,0.0,0.0,0.0,1.0,,0.0,0.0,0.0,0.0,,9268.0,481934.0,,
Pierluigi Gollini,Napoli,28.0,GK,ITA,2024,Serie A,1995.0,7.0,8.0,0.0,0.0,1.0,0.0,8.2,0.34,0.2,0.02,27.0,68.0,39.7,213.0,28.0,22.1,29.5,53.0,39.6,36.3,82.0,5.0,6.1,9.0,1.29,16.2,8.0,1.14,24.0,16.0,66.7,3.0,1.0,3.0,1.0,14.3,0.0,0.0,0.0,0.0,,24494.0,1273683.0,106.0,15.0
Alex Meret,Napoli,26.0,GK,ITA,2024,Serie A,1997.0,30.8,40.0,2.0,1.0,5.0,0.0,38.0,0.33,-2.0,-0.07,56.0,174.0,32.2,774.0,120.0,18.5,27.9,137.0,22.6,29.5,334.0,9.0,2.7,29.0,0.94,15.4,40.0,1.3,104.0,62.0,63.5,10.0,13.0,8.0,5.0,16.1,4.0,2.0,2.0,0.0,50.0,46009.0,2392458.0,423.0,88.0
Martin Dúbravka,Newcastle Utd,34.0,GK,SVK,2024,Premier League,1989.0,22.1,42.0,4.0,0.0,5.0,0.0,42.5,0.29,0.5,0.02,56.0,165.0,33.9,480.0,143.0,15.6,25.4,169.0,53.3,39.1,296.0,20.0,6.8,22.0,1.0,12.9,42.0,1.9,130.0,87.0,70.8,9.0,4.0,9.0,5.0,22.7,5.0,4.0,1.0,0.0,20.0,40000.0,2080000.0,237.0,38.0
Loris Karius,Newcastle Utd,30.0,GK,GER,2024,Premier League,1993.0,1.0,4.0,0.0,0.0,1.0,1.0,2.0,0.29,-1.0,-0.99,3.0,18.0,16.7,27.0,5.0,48.1,36.3,9.0,55.6,41.8,10.0,1.0,10.0,3.0,3.0,19.5,4.0,4.0,7.0,4.0,42.9,0.0,0.0,1.0,0.0,0.0,0.0,0.0,0.0,0.0,,10000.0,520000.0,138.0,24.0
Nick Pope,Newcastle Utd,31.0,GK,ENG,2024,Premier League,1992.0,14.9,16.0,0.0,1.0,2.0,0.0,16.8,0.3,0.8,0.05,41.0,118.0,34.7,304.0,88.0,21.1,28.6,95.0,56.8,43.8,143.0,9.0,6.3,28.0,1.87,19.0,16.0,1.07,58.0,42.0,72.4,9.0,2.0,4.0,5.0,33.3,0.0,0.0,0.0,0.0,,60000.0,3120000.0,266.0,47.0
Marcin Bułka,Nice,23.0,GK,POL,2024,Ligue 1,1999.0,34.0,29.0,5.0,0.0,1.0,1.0,30.7,0.22,2.7,0.08,74.0,189.0,39.2,1086.0,158.0,14.4,23.9,147.0,22.4,25.5,376.0,32.0,8.5,21.0,0.62,12.2,29.0,0.85,105.0,74.0,77.1,15.0,10.0,9.0,17.0,50.0,8.0,5.0,3.0,0.0,37.5,5958.0,309815.0,342.0,58.0
Matz Sels,Nott'ham Forest,31.0,GK,BEL,2024,Premier League,1992.0,16.0,27.0,1.0,0.0,9.0,2.0,17.2,0.27,-7.8,-0.49,75.0,179.0,41.9,283.0,51.0,45.9,36.6,93.0,52.7,41.4,223.0,11.0,4.9,4.0,0.25,9.4,27.0,1.69,61.0,36.0,57.4,4.0,4.0,8.0,1.0,6.3,1.0,1.0,0.0,0.0,0.0,17874.0,929444.0,378.0,56.0
Matt Turner,Nott'ham Forest,29.0,GK,USA,2024,Premier League,1994.0,17.0,28.0,2.0,1.0,4.0,0.0,22.1,0.26,-5.9,-0.35,126.0,280.0,45.0,436.0,99.0,42.7,35.7,136.0,69.1,47.0,296.0,30.0,10.1,18.0,1.06,13.3,28.0,1.65,80.0,52.0,67.5,4.0,5.0,8.0,2.0,11.8,2.0,2.0,0.0,0.0,0.0,40000.0,2080000.0,166.0,30.0
Odisseas Vlachodimos,Nott'ham Forest,29.0,GK,GRE,2024,Premier League,1994.0,5.0,12.0,1.0,0.0,2.0,0.0,7.9,0.31,-4.1,-0.83,28.0,60.0,46.7,130.0,21.0,25.4,29.6,44.0,61.4,44.3,92.0,3.0,3.3,2.0,0.4,10.3,12.0,2.4,22.0,10.0,50.0,1.0,0.0,4.0,1.0,20.0,1.0,1.0,0.0,0.0,0.0,45000.0,2340000.0,54.0,8.0
Aitor Fernández,Osasuna,32.0,GK,ESP,2024,La Liga,1991.0,6.1,9.0,1.0,0.0,2.0,0.0,6.1,0.26,-2.9,-0.47,47.0,113.0,41.6,174.0,19.0,56.3,42.5,22.0,68.2,49.7,69.0,1.0,1.4,15.0,2.45,24.8,9.0,1.47,20.0,11.0,60.0,0.0,2.0,4.0,1.0,16.7,1.0,1.0,0.0,0.0,0.0,11585.0,602418.0,371.0,53.0
Sergio Herrera,Osasuna,30.0,GK,ESP,2024,La Liga,1993.0,31.9,47.0,0.0,0.0,6.0,0.0,45.6,0.34,-1.4,-0.04,282.0,658.0,42.9,961.0,100.0,52.0,40.4,222.0,71.2,51.2,468.0,29.0,6.2,43.0,1.35,16.4,47.0,1.47,132.0,84.0,64.4,12.0,7.0,13.0,9.0,28.1,1.0,0.0,1.0,0.0,100.0,15722.0,817567.0,285.0,27.0
Gianluigi Donnarumma,Paris S-G,24.0,GK,ITA,2024,Ligue 1,1999.0,24.1,20.0,3.0,0.0,2.0,0.0,30.3,0.25,10.3,0.43,36.0,94.0,38.3,641.0,113.0,11.4,24.2,131.0,16.0,23.0,294.0,15.0,5.1,23.0,0.95,13.2,20.0,0.83,110.0,89.0,84.5,18.0,6.0,1.0,10.0,40.0,4.0,3.0,1.0,0.0,25.0,210681.0,10955393.0,115.0,16.0
Keylor Navas,Paris S-G,36.0,GK,CRC,2024,Ligue 1,1986.0,4.0,6.0,1.0,0.0,0.0,0.0,4.7,0.31,-1.3,-0.33,4.0,9.0,44.4,80.0,12.0,10.0,23.5,18.0,5.6,22.2,37.0,0.0,0.0,5.0,1.25,16.3,6.0,1.5,12.0,6.0,58.3,2.0,2.0,0.0,1.0,25.0,1.0,1.0,0.0,0.0,0.0,180560.0,9389107.0,563.0,92.0
Arnau Tenas,Paris S-G,22.0,GK,ESP,2024,Ligue 1,2001.0,5.9,7.0,0.0,0.0,2.0,0.0,6.0,0.24,-1.0,-0.17,14.0,46.0,30.4,174.0,19.0,23.0,29.6,37.0,16.2,27.1,71.0,2.0,2.8,5.0,0.85,14.8,7.0,1.19,25.0,18.0,72.0,2.0,2.0,1.0,1.0,20.0,0.0,0.0,0.0,0.0,,19860.0,1032716.0,43.0,8.0
Janis Blaswich,RB Leipzig,32.0,GK,GER,2024,Bundesliga,1991.0,21.0,30.0,4.0,0.0,7.0,0.0,25.3,0.28,-4.7,-0.22,57.0,155.0,36.8,822.0,89.0,14.7,25.7,134.0,25.4,30.7,251.0,16.0,6.4,37.0,1.76,17.6,30.0,1.43,76.0,46.0,65.8,10.0,4.0,7.0,5.0,23.8,4.0,4.0,0.0,0.0,0.0,24825.0,1290895.0,689.0,95.0
Péter Gulácsi,RB Leipzig,33.0,GK,HUN,2024,Bundesliga,1990.0,13.0,9.0,0.0,1.0,1.0,1.0,10.3,0.25,2.3,0.17,22.0,79.0,27.8,373.0,58.0,12.9,25.1,97.0,32.0,32.2,175.0,7.0,4.0,14.0,1.08,14.5,9.0,0.69,41.0,33.0,78.0,9.0,4.0,0.0,5.0,38.5,1.0,0.0,0.0,1.0,,92680.0,4819340.0,804.0,126.0
Cárdenas,Rayo Vallecano,26.0,GK,ESP,2024,La Liga,1997.0,1.0,1.0,0.0,0.0,0.0,0.0,0.9,0.93,-0.1,-0.07,2.0,15.0,13.3,36.0,5.0,36.1,36.3,4.0,50.0,53.5,5.0,0.0,0.0,2.0,2.0,17.0,1.0,1.0,1.0,0.0,0.0,0.0,0.0,1.0,0.0,0.0,0.0,0.0,0.0,0.0,,7447.0,387268.0,,
Stole Dimitrievski,Rayo Vallecano,29.0,GK,MKD,2024,La Liga,1993.0,37.0,47.0,1.0,1.0,5.0,2.0,46.9,0.31,1.9,0.05,168.0,598.0,28.1,928.0,171.0,47.1,39.4,267.0,60.3,48.4,529.0,23.0,4.3,38.0,1.03,14.6,47.0,1.27,150.0,104.0,69.3,8.0,14.0,15.0,13.0,35.1,2.0,1.0,1.0,0.0,50.0,10923.0,567994.0,,
Kepa Arrizabalaga,Real Madrid,28.0,GK,ESP,2024,La Liga,1994.0,13.3,9.0,0.0,0.0,0.0,1.0,10.0,0.28,2.0,0.15,34.0,92.0,37.0,386.0,57.0,19.2,27.0,70.0,25.7,30.6,157.0,6.0,3.8,10.0,0.75,14.7,9.0,0.68,38.0,30.0,76.3,10.0,2.0,1.0,8.0,61.5,0.0,0.0,0.0,0.0,,148949.0,7745368.0,200.0,41.0
Thibaut Courtois,Real Madrid,31.0,GK,BEL,2024,La Liga,1992.0,3.7,0.0,0.0,0.0,0.0,0.0,3.1,0.22,3.1,0.85,10.0,19.0,52.6,105.0,25.0,16.2,26.7,18.0,11.1,27.8,47.0,2.0,4.3,5.0,1.36,15.3,0.0,0.0,15.0,15.0,100.0,3.0,1.0,0.0,3.0,75.0,0.0,0.0,0.0,0.0,,248249.0,12908947.0,295.0,61.0
Andriy Lunin,Real Madrid,24.0,GK,UKR,2024,La Liga,1999.0,21.0,17.0,1.0,0.0,2.0,0.0,21.2,0.31,4.2,0.2,35.0,99.0,35.4,548.0,95.0,13.7,25.2,116.0,20.7,28.7,283.0,27.0,9.5,23.0,1.1,12.2,17.0,0.81,65.0,48.0,75.4,16.0,5.0,0.0,10.0,47.6,1.0,1.0,0.0,0.0,0.0,46505.0,2418276.0,28.0,4.0
Unai Marrero,Real Sociedad,21.0,GK,ESP,2024,La Liga,2001.0,1.6,3.0,1.0,0.0,0.0,0.0,2.9,0.37,-0.1,-0.09,10.0,25.0,40.0,37.0,5.0,45.9,37.0,8.0,100.0,63.4,27.0,1.0,3.7,4.0,2.54,20.1,3.0,1.9,5.0,2.0,60.0,0.0,0.0,1.0,0.0,0.0,1.0,1.0,0.0,0.0,0.0,2979.0,154907.0,,
Álex Remiro,Real Sociedad,28.0,GK,ESP,2024,La Liga,1995.0,36.4,36.0,5.0,0.0,5.0,1.0,37.9,0.26,2.9,0.08,182.0,440.0,41.4,1090.0,111.0,30.6,32.0,163.0,65.6,50.9,383.0,18.0,4.7,54.0,1.48,16.9,36.0,0.99,130.0,94.0,76.2,16.0,12.0,9.0,15.0,40.5,6.0,5.0,1.0,0.0,16.7,46340.0,2409670.0,37.0,7.0
Yehvann Diouf,Reims,23.0,GK,FRA,2024,Ligue 1,1999.0,34.0,47.0,6.0,1.0,4.0,1.0,42.7,0.27,-3.3,-0.1,124.0,353.0,35.1,1135.0,179.0,25.2,30.1,157.0,42.7,36.9,522.0,38.0,7.3,46.0,1.35,14.2,47.0,1.38,137.0,90.0,70.1,13.0,8.0,13.0,8.0,23.5,7.0,6.0,1.0,0.0,14.3,9930.0,516358.0,,
Steve Mandanda,Rennes,38.0,GK,FRA,2024,Ligue 1,1985.0,34.0,46.0,3.0,0.0,5.0,3.0,38.2,0.25,-4.8,-0.14,134.0,416.0,32.2,1017.0,149.0,29.9,31.5,192.0,58.3,43.1,451.0,36.0,8.0,37.0,1.09,15.1,46.0,1.35,147.0,104.0,70.7,12.0,10.0,12.0,7.0,20.6,3.0,3.0,0.0,0.0,0.0,37734.0,1962160.0,421.0,62.0
Rui Patrício,Roma,35.0,GK,POR,2024,Serie A,1988.0,23.0,27.0,2.0,0.0,2.0,2.0,23.4,0.29,-1.6,-0.07,90.0,211.0,42.7,492.0,86.0,31.5,31.0,137.0,40.9,34.9,309.0,16.0,5.2,8.0,0.35,11.7,27.0,1.17,74.0,49.0,66.2,11.0,5.0,7.0,6.0,26.1,3.0,2.0,0.0,1.0,0.0,63717.0,3313296.0,78.0,26.0
Mile Svilar,Roma,23.0,GK,SRB,2024,Serie A,1999.0,15.0,19.0,1.0,0.0,3.0,1.0,20.2,0.24,2.2,0.14,44.0,116.0,37.9,516.0,77.0,15.9,25.3,89.0,38.2,36.2,208.0,16.0,7.7,7.0,0.47,12.0,19.0,1.27,77.0,58.0,76.6,7.0,4.0,4.0,5.0,33.3,2.0,1.0,1.0,0.0,50.0,21184.0,1101563.0,62.0,14.0
Benoît Costil,Salernitana,36.0,GK,FRA,2024,Serie A,1987.0,13.0,29.0,3.0,0.0,2.0,1.0,23.6,0.32,-4.4,-0.34,71.0,228.0,31.1,323.0,45.0,48.0,37.0,104.0,70.2,51.1,212.0,2.0,0.9,19.0,1.46,18.2,29.0,2.23,66.0,38.0,60.6,2.0,3.0,8.0,1.0,7.7,3.0,3.0,0.0,0.0,0.0,13736.0,714295.0,122.0,52.0
Vincenzo Fiorillo,Salernitana,33.0,GK,ITA,2024,Serie A,1990.0,4.0,8.0,0.0,0.0,4.0,0.0,7.3,0.28,-0.7,-0.18,27.0,96.0,28.1,72.0,9.0,68.1,44.9,54.0,87.0,56.6,77.0,4.0,5.2,1.0,0.25,7.6,8.0,2.0,26.0,18.0,69.2,0.0,2.0,2.0,0.0,0.0,0.0,0.0,0.0,0.0,,8275.0,430298.0,123.0,17.0
Guillermo Ochoa,Salernitana,38.0,GK,MEX,2024,Serie A,1985.0,21.0,44.0,7.0,0.0,3.0,1.0,37.2,0.27,-5.8,-0.28,85.0,323.0,26.3,479.0,73.0,46.3,37.5,171.0,59.1,44.4,342.0,9.0,2.6,11.0,0.52,13.6,44.0,2.1,115.0,72.0,67.8,0.0,6.0,15.0,1.0,4.8,7.0,7.0,0.0,0.0,0.0,24494.0,1273683.0,47.0,9.0
Andrea Consigli,Sassuolo,36.0,GK,ITA,2024,Serie A,1987.0,35.0,68.0,7.0,1.0,7.0,3.0,51.7,0.28,-13.3,-0.38,172.0,540.0,31.9,982.0,143.0,42.3,36.9,252.0,49.6,41.2,545.0,23.0,4.2,22.0,0.63,11.8,68.0,1.94,159.0,93.0,61.6,6.0,8.0,21.0,3.0,8.6,10.0,7.0,1.0,2.0,12.5,30617.0,1592103.0,79.0,17.0
Alessio Cragno,Sassuolo,29.0,GK,ITA,2024,Serie A,1994.0,3.0,7.0,1.0,1.0,1.0,1.0,5.1,0.3,-0.9,-0.28,17.0,45.0,37.8,78.0,11.0,50.0,37.8,22.0,27.3,30.5,37.0,3.0,8.1,8.0,2.67,18.6,7.0,2.33,14.0,8.0,57.1,1.0,1.0,1.0,0.0,0.0,1.0,1.0,0.0,0.0,0.0,30617.0,1592103.0,864.0,168.0
Marko Dmitrović,Sevilla,31.0,GK,SRB,2024,La Liga,1992.0,13.0,25.0,2.0,0.0,3.0,1.0,22.6,0.3,-1.4,-0.11,52.0,148.0,35.1,314.0,70.0,32.5,32.7,79.0,58.2,45.9,152.0,11.0,7.2,15.0,1.15,15.4,25.0,1.92,68.0,44.0,66.2,2.0,2.0,9.0,2.0,15.4,2.0,2.0,0.0,0.0,0.0,20853.0,1084352.0,206.0,42.0
Ørjan Nyland,Sevilla,32.0,GK,NOR,2024,La Liga,1990.0,24.0,27.0,3.0,1.0,1.0,1.0,29.8,0.26,3.8,0.16,166.0,449.0,37.0,583.0,108.0,49.9,39.4,201.0,78.6,56.4,359.0,20.0,5.6,17.0,0.71,13.5,27.0,1.13,104.0,78.0,76.9,8.0,9.0,7.0,6.0,25.0,3.0,3.0,0.0,0.0,0.0,9930.0,516358.0,606.0,102.0
Wes Foderingham,Sheffield Utd,32.0,GK,ENG,2024,Premier League,1991.0,29.4,79.0,5.0,0.0,8.0,5.0,70.5,0.33,-3.5,-0.12,206.0,619.0,33.3,782.0,101.0,54.6,40.2,262.0,73.3,52.3,468.0,28.0,6.0,42.0,1.43,14.7,79.0,2.68,204.0,130.0,63.7,3.0,4.0,22.0,1.0,3.4,6.0,5.0,0.0,1.0,0.0,12500.0,650000.0,17.0,3.0
Ivo Grbić,Sheffield Utd,27.0,GK,CRO,2024,Premier League,1996.0,8.6,25.0,0.0,0.0,4.0,2.0,14.7,0.25,-8.3,-0.97,65.0,199.0,32.7,207.0,25.0,57.5,41.2,89.0,89.9,59.4,193.0,11.0,5.7,14.0,1.63,14.4,25.0,2.92,59.0,36.0,57.6,0.0,3.0,6.0,0.0,0.0,1.0,0.0,0.0,1.0,,14233.0,740113.0,,
Alaa Bellaarouch,Strasbourg,21.0,GK,MAR,2024,Ligue 1,2002.0,15.0,26.0,3.0,0.0,1.0,1.0,19.8,0.25,-5.2,-0.35,56.0,183.0,30.6,440.0,57.0,36.4,34.4,61.0,37.7,36.0,203.0,19.0,9.4,21.0,1.4,13.4,26.0,1.73,63.0,37.0,63.5,4.0,2.0,9.0,2.0,13.3,4.0,3.0,1.0,0.0,25.0,2648.0,137695.0,146.0,26.0
Matz Sels,Strasbourg,31.0,GK,BEL,2024,Ligue 1,1992.0,19.0,24.0,1.0,0.0,2.0,2.0,20.0,0.31,-2.0,-0.11,88.0,226.0,38.9,505.0,68.0,37.4,34.5,113.0,32.7,33.7,257.0,6.0,2.3,19.0,1.0,13.9,24.0,1.26,62.0,40.0,62.9,6.0,7.0,6.0,3.0,15.8,1.0,1.0,0.0,0.0,0.0,17874.0,929444.0,378.0,56.0
Fabian Bredlow,Stuttgart,28.0,GK,GER,2024,Bundesliga,1995.0,4.0,3.0,0.0,0.0,1.0,0.0,5.0,0.23,2.0,0.49,22.0,61.0,36.1,168.0,15.0,31.5,31.0,11.0,72.7,51.7,55.0,1.0,1.8,5.0,1.25,16.6,3.0,0.75,22.0,19.0,86.4,3.0,1.0,0.0,1.0,25.0,0.0,0.0,0.0,0.0,,18701.0,972474.0,78.0,8.0
Alexander Nübel,Stuttgart,26.0,GK,GER,2024,Bundesliga,1996.0,30.0,36.0,3.0,0.0,5.0,3.0,30.8,0.27,-2.2,-0.07,126.0,291.0,43.3,1103.0,132.0,23.1,28.7,112.0,32.1,32.7,341.0,30.0,8.8,57.0,1.9,17.3,36.0,1.2,107.0,74.0,69.2,20.0,3.0,7.0,11.0,36.7,3.0,3.0,0.0,0.0,0.0,24825.0,1290895.0,51.0,11.0
Luca Gemello,Torino,23.0,GK,ITA,2024,Serie A,2000.0,2.0,5.0,1.0,0.0,0.0,0.0,3.6,0.31,-1.4,-0.72,10.0,29.0,34.5,104.0,8.0,26.9,31.1,12.0,8.3,19.7,24.0,3.0,12.5,3.0,1.5,12.0,5.0,2.5,9.0,4.0,55.6,0.0,0.0,2.0,0.0,0.0,1.0,1.0,0.0,0.0,0.0,2813.0,146301.0,,
Vanja Milinković-Savić,Torino,26.0,GK,SRB,2024,Serie A,1997.0,36.0,31.0,6.0,0.0,4.0,0.0,33.8,0.21,2.8,0.08,264.0,783.0,33.7,1288.0,171.0,44.8,38.3,239.0,86.2,66.6,407.0,38.0,9.3,37.0,1.03,13.6,31.0,0.86,134.0,103.0,81.3,13.0,14.0,9.0,18.0,50.0,6.0,6.0,0.0,0.0,0.0,21515.0,1118775.0,63.0,17.0
Guglielmo Vicario,Tottenham,26.0,GK,ITA,2024,Premier League,1996.0,38.0,61.0,7.0,1.0,8.0,3.0,60.0,0.32,2.0,0.05,53.0,225.0,23.6,1363.0,193.0,14.3,24.0,201.0,14.9,22.2,511.0,33.0,6.5,81.0,2.13,17.1,61.0,1.61,167.0,109.0,67.7,20.0,6.0,12.0,7.0,18.4,7.0,7.0,0.0,0.0,0.0,75000.0,3900000.0,192.0,22.0
Guillaume Restes,Toulouse,18.0,GK,FRA,2024,Ligue 1,2005.0,34.0,46.0,4.0,2.0,6.0,0.0,45.3,0.3,-0.7,-0.02,92.0,285.0,32.3,702.0,93.0,27.4,29.3,193.0,48.2,38.9,490.0,7.0,1.4,16.0,0.47,10.7,46.0,1.35,139.0,93.0,69.8,11.0,10.0,13.0,6.0,17.6,4.0,4.0,0.0,0.0,0.0,10592.0,550782.0,,
Maduka Okoye,Udinese,23.0,GK,NGA,2024,Serie A,1999.0,21.0,25.0,3.0,2.0,3.0,1.0,23.9,0.24,-0.1,0.0,99.0,263.0,37.6,286.0,45.0,55.9,41.7,161.0,64.0,49.0,365.0,7.0,1.9,2.0,0.1,8.7,25.0,1.19,89.0,65.0,75.3,5.0,8.0,8.0,5.0,23.8,3.0,3.0,0.0,0.0,0.0,10592.0,550782.0,244.0,47.0
Marco Silvestri,Udinese,32.0,GK,ITA,2024,Serie A,1991.0,17.0,28.0,6.0,0.0,2.0,0.0,25.7,0.29,-2.3,-0.14,57.0,168.0,33.9,345.0,68.0,33.6,32.3,105.0,49.5,42.1,282.0,5.0,1.8,7.0,0.41,13.1,28.0,1.65,68.0,40.0,67.6,1.0,11.0,5.0,4.0,23.5,6.0,6.0,0.0,0.0,0.0,30617.0,1592103.0,22.0,3.0
Frederik Rønnow,Union Berlin,30.0,GK,DEN,2024,Bundesliga,1992.0,33.0,56.0,5.0,2.0,7.0,1.0,51.7,0.28,-3.3,-0.1,198.0,525.0,37.7,1096.0,174.0,35.2,33.6,218.0,63.8,47.4,539.0,54.0,10.0,37.0,1.12,12.9,56.0,1.7,162.0,105.0,68.5,9.0,6.0,18.0,7.0,21.2,7.0,5.0,2.0,0.0,28.6,19860.0,1032716.0,637.0,93.0
Alexander Schwolow,Union Berlin,31.0,GK,GER,2024,Bundesliga,1992.0,1.0,2.0,0.0,0.0,0.0,0.0,1.2,0.2,-0.8,-0.81,4.0,10.0,40.0,28.0,4.0,32.1,34.1,8.0,12.5,28.4,13.0,0.0,0.0,0.0,0.0,5.0,2.0,2.0,6.0,4.0,66.7,0.0,0.0,1.0,0.0,0.0,0.0,0.0,0.0,0.0,,14895.0,774537.0,251.0,44.0
Cristian,Valencia,25.0,GK,ESP,2024,La Liga,1998.0,0.6,1.0,0.0,0.0,1.0,0.0,0.5,0.17,-0.5,-0.75,2.0,5.0,40.0,15.0,4.0,26.7,29.1,3.0,33.3,32.7,12.0,0.0,0.0,0.0,0.0,8.3,1.0,1.58,3.0,2.0,66.7,0.0,0.0,0.0,0.0,,0.0,0.0,0.0,0.0,,23997.0,1247865.0,,
Jaume Doménech,Valencia,32.0,GK,ESP,2024,La Liga,1990.0,0.9,3.0,0.0,1.0,2.0,0.0,1.7,0.14,-1.3,-1.52,4.0,20.0,20.0,24.0,2.0,62.5,40.5,7.0,71.4,51.4,19.0,1.0,5.3,1.0,1.14,11.4,3.0,3.42,12.0,9.0,75.0,0.0,0.0,1.0,0.0,0.0,0.0,0.0,0.0,0.0,,34920.0,1815859.0,238.0,34.0
Giorgi Mamardashvili,Valencia,22.0,GK,GEO,2024,La Liga,2000.0,36.5,41.0,3.0,0.0,4.0,2.0,49.2,0.31,10.2,0.28,185.0,671.0,27.6,864.0,142.0,57.3,41.4,245.0,71.8,53.4,530.0,45.0,8.5,31.0,0.85,12.3,41.0,1.12,145.0,103.0,73.8,13.0,10.0,14.0,13.0,35.1,6.0,3.0,3.0,0.0,50.0,24825.0,1290895.0,,
Filip Jørgensen,Villarreal,21.0,GK,DEN,2024,La Liga,2002.0,36.0,63.0,6.0,1.0,9.0,1.0,59.8,0.27,-2.2,-0.06,144.0,360.0,40.0,1055.0,178.0,24.5,29.7,245.0,41.6,37.8,650.0,34.0,5.2,36.0,1.0,13.4,63.0,1.75,205.0,143.0,72.2,13.0,10.0,13.0,6.0,16.7,6.0,6.0,0.0,0.0,0.0,9930.0,516358.0,,
Pepe Reina,Villarreal,40.0,GK,ESP,2024,La Liga,1982.0,2.0,2.0,0.0,0.0,0.0,0.0,1.9,0.21,-0.1,-0.05,6.0,18.0,33.3,58.0,12.0,24.1,30.2,11.0,36.4,38.8,38.0,1.0,2.6,0.0,0.0,5.3,2.0,1.0,9.0,7.0,77.8,1.0,1.0,0.0,0.0,0.0,0.0,0.0,0.0,0.0,,24825.0,1290895.0,286.0,64.0
Jiří Pavlenka,Werder Bremen,31.0,GK,CZE,2024,Bundesliga,1992.0,7.0,17.0,2.0,0.0,1.0,0.0,13.1,0.3,-3.9,-0.56,31.0,85.0,36.5,177.0,37.0,37.9,34.2,69.0,26.1,32.5,109.0,7.0,6.4,9.0,1.29,14.4,17.0,2.43,38.0,21.0,60.5,2.0,0.0,5.0,1.0,14.3,2.0,2.0,0.0,0.0,0.0,41375.0,2151491.0,,
Michael Zetterer,Werder Bremen,28.0,GK,GER,2024,Bundesliga,1995.0,27.0,37.0,4.0,0.0,4.0,1.0,41.0,0.3,5.0,0.18,145.0,330.0,43.9,977.0,161.0,28.5,32.7,144.0,36.1,38.1,407.0,34.0,8.4,30.0,1.11,14.6,37.0,1.37,128.0,92.0,74.2,9.0,9.0,9.0,6.0,22.2,4.0,4.0,0.0,0.0,0.0,2979.0,154907.0,784.0,87.0
Alphonse Areola,West Ham,30.0,GK,FRA,2024,Premier League,1993.0,30.0,53.0,5.0,0.0,3.0,3.0,52.1,0.24,2.1,0.07,160.0,430.0,37.2,643.0,144.0,43.9,36.8,219.0,67.6,47.3,468.0,27.0,5.8,7.0,0.23,8.9,53.0,1.77,188.0,136.0,74.5,11.0,9.0,11.0,4.0,12.9,7.0,5.0,2.0,0.0,28.6,120000.0,6240000.0,49.0,7.0
Łukasz Fabiański,West Ham,38.0,GK,POL,2024,Premier League,1985.0,8.0,21.0,3.0,0.0,3.0,1.0,19.8,0.33,-0.2,-0.02,50.0,123.0,40.7,182.0,44.0,50.0,39.0,56.0,57.1,45.1,114.0,8.0,7.0,1.0,0.12,7.6,21.0,2.62,53.0,33.0,66.0,3.0,1.0,3.0,1.0,14.3,3.0,3.0,0.0,0.0,0.0,65000.0,3380000.0,,
Koen Casteels,Wolfsburg,31.0,GK,BEL,2024,Bundesliga,1992.0,25.0,39.0,2.0,0.0,2.0,2.0,36.4,0.3,-0.6,-0.03,161.0,390.0,41.3,786.0,118.0,36.3,35.0,161.0,65.2,48.4,335.0,25.0,7.5,38.0,1.52,15.7,39.0,1.56,115.0,78.0,67.8,8.0,6.0,11.0,4.0,16.0,3.0,2.0,0.0,1.0,0.0,66200.0,3442386.0,497.0,86.0
Pavao Pervan,Wolfsburg,35.0,GK,AUT,2024,Bundesliga,1987.0,9.0,17.0,0.0,2.0,2.0,1.0,11.5,0.32,-4.5,-0.51,40.0,104.0,38.5,263.0,39.0,33.5,32.8,37.0,43.2,39.6,127.0,1.0,0.8,3.0,0.33,12.1,17.0,1.89,36.0,20.0,52.8,2.0,1.0,6.0,2.0,22.2,0.0,0.0,0.0,0.0,,19860.0,1032716.0,125.0,25.0
Daniel Bentley,Wolves,30.0,GK,ENG,2024,Premier League,1993.0,4.3,7.0,0.0,0.0,0.0,0.0,5.8,0.39,-1.2,-0.28,13.0,56.0,23.2,111.0,9.0,36.0,33.8,33.0,48.5,36.9,50.0,0.0,0.0,3.0,0.7,13.3,7.0,1.64,15.0,8.0,53.3,1.0,0.0,2.0,1.0,33.3,0.0,0.0,0.0,0.0,,10000.0,520000.0,4.0,1.0
José Sá,Wolves,30.0,GK,POR,2024,Premier League,1993.0,33.7,58.0,8.0,1.0,7.0,1.0,65.9,0.31,8.9,0.26,87.0,424.0,20.5,841.0,190.0,33.3,33.0,253.0,56.9,42.6,522.0,45.0,8.6,28.0,0.83,12.6,58.0,1.72,188.0,131.0,73.4,12.0,7.0,16.0,4.0,11.4,8.0,8.0,0.0,0.0,0.0,40000.0,2080000.0,,
